1	и	_	_	_	_	_	_	_	@mp1984m-words#@mp1984m#0.0#0.388
2	поняло	_	_	_	_	_	_	_	@mp1984m-words#@mp1984m#0.388#0.776
3	это	_	_	_	_	_	_	_	@mp1984m-words#@mp1984m#0.776#1.164
4	так	_	_	_	_	_	_	_	@mp1984m-words#@mp1984m#1.164#1.552
5	как	_	_	_	_	_	_	_	@mp1984m-words#@mp1984m#1.552#1.94
6	это	_	_	_	_	_	_	_	@mp1984m-words#@mp1984m#1.94#2.33
7	#одновременно#	_	_	_	_	_	_	_	@mp1984m-words#@mp1984m#4.85#5.394
8	соцсети	_	_	_	_	_	_	_	@mp1984m-words#@mp1984m#5.394#5.938
9	это	_	_	_	_	_	_	_	@mp1984m-words#@mp1984m#5.938#6.482
10	не	_	_	_	_	_	_	_	@mp1984m-words#@mp1984m#6.482#7.026
11	показатель	_	_	_	_	_	_	_	@mp1984m-words#@mp1984m#7.026#7.57
12	соцсети	_	_	_	_	_	_	_	@mp1984m-words#@mp1984m#7.57#7.851
13	это	_	_	_	_	_	_	_	@mp1984m-words#@mp1984m#7.851#8.132
14	не...	_	_	_	_	_	_	_	@mp1984m-words#@mp1984m#8.132#8.413
15	это	_	_	_	_	_	_	_	@mp1984m-words#@mp1984m#8.413#8.694
16	не	_	_	_	_	_	_	_	@mp1984m-words#@mp1984m#8.694#8.975
17	статистика	_	_	_	_	_	_	_	@mp1984m-words#@mp1984m#8.975#9.256
18	/	_	_	_	_	_	_	_	@mp1984m-words#@mp1984m#9.256#9.537
19	это	_	_	_	_	_	_	_	@mp1984m-words#@mp1984m#9.537#9.818
20	не	_	_	_	_	_	_	_	@mp1984m-words#@mp1984m#9.818#10.099
21	социология	_	_	_	_	_	_	_	@mp1984m-words#@mp1984m#10.099#10.38
22	/	_	_	_	_	_	_	_	@mp1984m-words#@mp1984m#10.38#10.661
23	это	_	_	_	_	_	_	_	@mp1984m-words#@mp1984m#10.661#10.942
24	просто	_	_	_	_	_	_	_	@mp1984m-words#@mp1984m#10.942#11.223
25	какой-то	_	_	_	_	_	_	_	@mp1984m-words#@mp1984m#11.223#11.504
26	пиздеж	_	_	_	_	_	_	_	@mp1984m-words#@mp1984m#11.504#11.785
27	в	_	_	_	_	_	_	_	@mp1984m-words#@mp1984m#11.785#12.066
28	соцсетях	_	_	_	_	_	_	_	@mp1984m-words#@mp1984m#12.066#12.347
29	и	_	_	_	_	_	_	_	@mp1984m-words#@mp1984m#12.347#12.628
30	все	_	_	_	_	_	_	_	@mp1984m-words#@mp1984m#12.628#12.91
31	#одновременно#	_	_	_	_	_	_	_	@mp1984m-words#@mp1984m#17.38#17.83
32	при	_	_	_	_	_	_	_	@mp1984m-words#@mp1984m#17.83#18.28
33	чем...	_	_	_	_	_	_	_	@mp1984m-words#@mp1984m#18.28#18.73
34	при	_	_	_	_	_	_	_	@mp1984m-words#@mp1984m#18.73#19.18
35	чем	_	_	_	_	_	_	_	@mp1984m-words#@mp1984m#19.18#19.63
36	здесь	_	_	_	_	_	_	_	@mp1984m-words#@mp1984m#19.63#20.08
37	Нава...	_	_	_	_	_	_	_	@mp1984m-words#@mp1984m#20.08#20.53
38	Навальный	_	_	_	_	_	_	_	@mp1984m-words#@mp1984m#20.53#20.98
39	ты	_	_	_	_	_	_	_	@mp1984m-words#@mp1984m#27.82#28.198
40	щас	_	_	_	_	_	_	_	@mp1984m-words#@mp1984m#28.198#28.576
41	пытаешься	_	_	_	_	_	_	_	@mp1984m-words#@mp1984m#28.576#28.954
42	куда-то	_	_	_	_	_	_	_	@mp1984m-words#@mp1984m#28.954#29.332
43	съехать	_	_	_	_	_	_	_	@mp1984m-words#@mp1984m#29.332#29.71
44	опять	_	_	_	_	_	_	_	@mp1984m-words#@mp1984m#29.71#30.09
45	откуда	_	_	_	_	_	_	_	@mp1984m-words#@mp1984m#31.3#31.585
46	у	_	_	_	_	_	_	_	@mp1984m-words#@mp1984m#31.585#31.87
47	тебя	_	_	_	_	_	_	_	@mp1984m-words#@mp1984m#31.87#32.155
48	данные	_	_	_	_	_	_	_	@mp1984m-words#@mp1984m#32.155#32.44
49	что	_	_	_	_	_	_	_	@mp1984m-words#@mp1984m#32.44#32.725
50	/	_	_	_	_	_	_	_	@mp1984m-words#@mp1984m#32.725#33.01
51	там	_	_	_	_	_	_	_	@mp1984m-words#@mp1984m#33.01#33.295
52	все	_	_	_	_	_	_	_	@mp1984m-words#@mp1984m#33.295#33.58
53	решили	_	_	_	_	_	_	_	@mp1984m-words#@mp1984m#33.58#33.865
54	что	_	_	_	_	_	_	_	@mp1984m-words#@mp1984m#33.865#34.15
55	русский	_	_	_	_	_	_	_	@mp1984m-words#@mp1984m#34.15#34.435
56	язык	_	_	_	_	_	_	_	@mp1984m-words#@mp1984m#34.435#34.72
57	зап...	_	_	_	_	_	_	_	@mp1984m-words#@mp1984m#34.72#35.005
58	запрещать	_	_	_	_	_	_	_	@mp1984m-words#@mp1984m#35.005#35.3
59	#одновременно#	_	_	_	_	_	_	_	@mp1984m-words#@mp1984m#35.48#35.986
60	от...	_	_	_	_	_	_	_	@mp1984m-words#@mp1984m#35.986#36.492
61	отмена	_	_	_	_	_	_	_	@mp1984m-words#@mp1984m#36.492#36.998
62	закона	_	_	_	_	_	_	_	@mp1984m-words#@mp1984m#36.998#37.504
63	это	_	_	_	_	_	_	_	@mp1984m-words#@mp1984m#37.504#38.01
64	не	_	_	_	_	_	_	_	@mp1984m-words#@mp1984m#38.01#38.52
65	не	_	_	_	_	_	_	_	@mp1984m-words#@mp1984m#38.52#38.77
66	то	_	_	_	_	_	_	_	@mp1984m-words#@mp1984m#38.77#39.02
67	же	_	_	_	_	_	_	_	@mp1984m-words#@mp1984m#39.02#39.27
68	самое	_	_	_	_	_	_	_	@mp1984m-words#@mp1984m#39.27#39.52
69	#одновременно#	_	_	_	_	_	_	_	@mp1984m-words#@mp1984m#46.19#46.334
70	а	_	_	_	_	_	_	_	@mp1984m-words#@mp1984m#46.334#46.478
71	/	_	_	_	_	_	_	_	@mp1984m-words#@mp1984m#46.478#46.622
72	то	_	_	_	_	_	_	_	@mp1984m-words#@mp1984m#46.622#46.766
73	е...	_	_	_	_	_	_	_	@mp1984m-words#@mp1984m#46.766#46.91
74	#одновременно#	_	_	_	_	_	_	_	@mp1984m-words#@mp1984m#57.21#57.529
75	нет	_	_	_	_	_	_	_	@mp1984m-words#@mp1984m#57.529#57.848
76	стоп	_	_	_	_	_	_	_	@mp1984m-words#@mp1984m#57.848#58.167
77	давай	_	_	_	_	_	_	_	@mp1984m-words#@mp1984m#58.167#58.486
78	[нрзб]	_	_	_	_	_	_	_	@mp1984m-words#@mp1984m#58.486#58.805
79	пр...	_	_	_	_	_	_	_	@mp1984m-words#@mp1984m#58.805#59.124
80	пр...	_	_	_	_	_	_	_	@mp1984m-words#@mp1984m#59.124#59.443
81	про	_	_	_	_	_	_	_	@mp1984m-words#@mp1984m#59.443#59.762
82	десять	_	_	_	_	_	_	_	@mp1984m-words#@mp1984m#59.762#60.081
83	процентов	_	_	_	_	_	_	_	@mp1984m-words#@mp1984m#60.081#60.4
84	то	_	_	_	_	_	_	_	@mp1984m-words#@mp1984m#60.45#60.771
85	есть	_	_	_	_	_	_	_	@mp1984m-words#@mp1984m#60.771#61.092
86	ты	_	_	_	_	_	_	_	@mp1984m-words#@mp1984m#61.092#61.413
87	/	_	_	_	_	_	_	_	@mp1984m-words#@mp1984m#61.413#61.734
88	ты	_	_	_	_	_	_	_	@mp1984m-words#@mp1984m#61.734#62.055
89	щас	_	_	_	_	_	_	_	@mp1984m-words#@mp1984m#62.055#62.376
90	фа...	_	_	_	_	_	_	_	@mp1984m-words#@mp1984m#62.376#62.697
91	фактически	_	_	_	_	_	_	_	@mp1984m-words#@mp1984m#62.697#63.018
92	говоришь	_	_	_	_	_	_	_	@mp1984m-words#@mp1984m#63.018#63.34
93	#одновременно#	_	_	_	_	_	_	_	@mp1984m-words#@mp1984m#78.34#78.592
94	ты	_	_	_	_	_	_	_	@mp1984m-words#@mp1984m#78.592#78.844
95	/	_	_	_	_	_	_	_	@mp1984m-words#@mp1984m#78.844#79.096
96	не	_	_	_	_	_	_	_	@mp1984m-words#@mp1984m#79.096#79.348
97	путаешь	_	_	_	_	_	_	_	@mp1984m-words#@mp1984m#79.348#79.6
98	ли	_	_	_	_	_	_	_	@mp1984m-words#@mp1984m#79.6#79.852
99	пере...	_	_	_	_	_	_	_	@mp1984m-words#@mp1984m#79.852#80.104
100	переворот	_	_	_	_	_	_	_	@mp1984m-words#@mp1984m#80.104#80.356
101	и	_	_	_	_	_	_	_	@mp1984m-words#@mp1984m#80.356#80.608
102	революцию	_	_	_	_	_	_	_	@mp1984m-words#@mp1984m#80.608#80.86
103	и	_	_	_	_	_	_	_	@mp1984m-words#@mp1984m#89.82#90.095
104	что	_	_	_	_	_	_	_	@mp1984m-words#@mp1984m#90.095#90.37
105	и	_	_	_	_	_	_	_	@mp1984m-words#@mp1984m#91.14#91.46
106	что	_	_	_	_	_	_	_	@mp1984m-words#@mp1984m#91.46#91.78
107	#одновременно#	_	_	_	_	_	_	_	@mp1984m-words#@mp1984m#104.53#105.49
108	[нрзб]	_	_	_	_	_	_	_	@mp1984m-words#@mp1984m#105.49#106.45
109	#одновременно#	_	_	_	_	_	_	_	@mp1984m-words#@mp1984m#106.45#107.205
110	[нрзб]	_	_	_	_	_	_	_	@mp1984m-words#@mp1984m#107.205#107.96
111	я	_	_	_	_	_	_	_	@mp1984m-words#@mp1984m#172.43#172.85
112	предлагаю	_	_	_	_	_	_	_	@mp1984m-words#@mp1984m#172.85#173.27
113	просто	_	_	_	_	_	_	_	@mp1984m-words#@mp1984m#173.27#173.69
114	зафиксировать	_	_	_	_	_	_	_	@mp1984m-words#@mp1984m#173.69#174.11
115	что	_	_	_	_	_	_	_	@mp1984m-words#@mp1984m#174.11#174.53
116	Егор	_	_	_	_	_	_	_	@mp1984m-words#@mp1984m#174.53#174.95
117	Просвирнин	_	_	_	_	_	_	_	@mp1984m-words#@mp1984m#174.95#175.37
118	оказался	_	_	_	_	_	_	_	@mp1984m-words#@mp1984m#175.37#175.79
119	украинским	_	_	_	_	_	_	_	@mp1984m-words#@mp1984m#175.79#176.21
120	легалистом	_	_	_	_	_	_	_	@mp1984m-words#@mp1984m#176.21#176.63
121	/	_	_	_	_	_	_	_	@mp1984m-words#@mp1984m#176.63#177.05
122	который	_	_	_	_	_	_	_	@mp1984m-words#@mp1984m#177.05#177.47
123	[нрзб]	_	_	_	_	_	_	_	@mp1984m-words#@mp1984m#177.47#177.89
124	соблюдения	_	_	_	_	_	_	_	@mp1984m-words#@mp1984m#177.89#178.31
125	украинской	_	_	_	_	_	_	_	@mp1984m-words#@mp1984m#178.31#178.73
126	конституции	_	_	_	_	_	_	_	@mp1984m-words#@mp1984m#178.73#179.15
127	/	_	_	_	_	_	_	_	@mp1984m-words#@mp1984m#179.15#179.57
128	при	_	_	_	_	_	_	_	@mp1984m-words#@mp1984m#179.57#179.99
129	любых	_	_	_	_	_	_	_	@mp1984m-words#@mp1984m#179.99#180.41
130	обстоятельствах	_	_	_	_	_	_	_	@mp1984m-words#@mp1984m#180.41#180.84
131	#одновременно#	_	_	_	_	_	_	_	@mp1984m-words#@mp1984m#192.48#192.881
132	в	_	_	_	_	_	_	_	@mp1984m-words#@mp1984m#192.881#193.282
133	постсоветских	_	_	_	_	_	_	_	@mp1984m-words#@mp1984m#193.282#193.683
134	странах	_	_	_	_	_	_	_	@mp1984m-words#@mp1984m#193.683#194.084
135	[нрзб]	_	_	_	_	_	_	_	@mp1984m-words#@mp1984m#194.084#194.485
136	определенно	_	_	_	_	_	_	_	@mp1984m-words#@mp1984m#194.485#194.886
137	[нрзб]	_	_	_	_	_	_	_	@mp1984m-words#@mp1984m#194.886#195.29
138	#одновременно#	_	_	_	_	_	_	_	@mp1984m-words#@mp1984m#196.74#196.966
139	в	_	_	_	_	_	_	_	@mp1984m-words#@mp1984m#196.966#197.192
140	советских	_	_	_	_	_	_	_	@mp1984m-words#@mp1984m#197.192#197.418
141	тем	_	_	_	_	_	_	_	@mp1984m-words#@mp1984m#197.418#197.644
142	более	_	_	_	_	_	_	_	@mp1984m-words#@mp1984m#197.644#197.87
143	#одновременно#	_	_	_	_	_	_	_	@mp1984m-words#@mp1984m#230.95#231.268
144	а	_	_	_	_	_	_	_	@mp1984m-words#@mp1984m#231.268#231.586
145	ты	_	_	_	_	_	_	_	@mp1984m-words#@mp1984m#231.586#231.904
146	с	_	_	_	_	_	_	_	@mp1984m-words#@mp1984m#231.904#232.222
147	какой-то	_	_	_	_	_	_	_	@mp1984m-words#@mp1984m#232.222#232.54
148	стати	_	_	_	_	_	_	_	@mp1984m-words#@mp1984m#232.54#232.858
149	ре...	_	_	_	_	_	_	_	@mp1984m-words#@mp1984m#232.858#233.176
150	решил	_	_	_	_	_	_	_	@mp1984m-words#@mp1984m#233.176#233.494
151	что	_	_	_	_	_	_	_	@mp1984m-words#@mp1984m#233.494#233.812
152	мы	_	_	_	_	_	_	_	@mp1984m-words#@mp1984m#233.812#234.13
153	поддерживаем	_	_	_	_	_	_	_	@mp1984m-words#@mp1984m#234.13#234.448
154	украинскую	_	_	_	_	_	_	_	@mp1984m-words#@mp1984m#234.448#234.766
155	номенклатуру	_	_	_	_	_	_	_	@mp1984m-words#@mp1984m#234.766#235.09
156	нет	_	_	_	_	_	_	_	@mp1984m-words#@mp1984m#235.13#235.463
157	мы	_	_	_	_	_	_	_	@mp1984m-words#@mp1984m#235.463#235.796
158	не	_	_	_	_	_	_	_	@mp1984m-words#@mp1984m#235.796#236.129
159	поддерживаем	_	_	_	_	_	_	_	@mp1984m-words#@mp1984m#236.129#236.462
160	украинскую	_	_	_	_	_	_	_	@mp1984m-words#@mp1984m#236.462#236.795
161	номенклатуру	_	_	_	_	_	_	_	@mp1984m-words#@mp1984m#236.795#237.128
162	/	_	_	_	_	_	_	_	@mp1984m-words#@mp1984m#237.128#237.461
163	и	_	_	_	_	_	_	_	@mp1984m-words#@mp1984m#237.461#237.794
164	российскую	_	_	_	_	_	_	_	@mp1984m-words#@mp1984m#237.794#238.127
165	не	_	_	_	_	_	_	_	@mp1984m-words#@mp1984m#238.127#238.46
166	поддерживаем	_	_	_	_	_	_	_	@mp1984m-words#@mp1984m#238.46#238.793
167	/	_	_	_	_	_	_	_	@mp1984m-words#@mp1984m#238.793#239.126
168	никакую	_	_	_	_	_	_	_	@mp1984m-words#@mp1984m#239.126#239.459
169	не	_	_	_	_	_	_	_	@mp1984m-words#@mp1984m#239.459#239.792
170	поддерживаем	_	_	_	_	_	_	_	@mp1984m-words#@mp1984m#239.792#240.13
171	мы	_	_	_	_	_	_	_	@mp1984m-words#@mp1984m#242.35#242.798
172	поддерживаем	_	_	_	_	_	_	_	@mp1984m-words#@mp1984m#242.798#243.246
173	русский	_	_	_	_	_	_	_	@mp1984m-words#@mp1984m#243.246#243.694
174	народ	_	_	_	_	_	_	_	@mp1984m-words#@mp1984m#243.694#244.142
175	и	_	_	_	_	_	_	_	@mp1984m-words#@mp1984m#244.142#244.59
176	украинский	_	_	_	_	_	_	_	@mp1984m-words#@mp1984m#244.59#245.038
177	народ	_	_	_	_	_	_	_	@mp1984m-words#@mp1984m#245.038#245.49
178	и	_	_	_	_	_	_	_	@mp1984m-words#@mp1984m#247.21#247.46
179	и	_	_	_	_	_	_	_	@mp1984m-words#@mp1984m#247.46#247.71
180	/	_	_	_	_	_	_	_	@mp1984m-words#@mp1984m#247.71#247.96
181	и	_	_	_	_	_	_	_	@mp1984m-words#@mp1984m#247.96#248.21
182	русский	_	_	_	_	_	_	_	@mp1984m-words#@mp1984m#248.21#248.46
183	на...	_	_	_	_	_	_	_	@mp1984m-words#@mp1984m#248.46#248.71
184	народ	_	_	_	_	_	_	_	@mp1984m-words#@mp1984m#248.71#248.96
185	жи...	_	_	_	_	_	_	_	@mp1984m-words#@mp1984m#248.96#249.21
186	живущий	_	_	_	_	_	_	_	@mp1984m-words#@mp1984m#249.21#249.46
187	на	_	_	_	_	_	_	_	@mp1984m-words#@mp1984m#249.46#249.71
188	Украине	_	_	_	_	_	_	_	@mp1984m-words#@mp1984m#249.71#249.97
189	#одновременно#	_	_	_	_	_	_	_	@mp1984m-words#@mp1984m#251.79#252.063
190	у	_	_	_	_	_	_	_	@mp1984m-words#@mp1984m#252.063#252.336
191	народа	_	_	_	_	_	_	_	@mp1984m-words#@mp1984m#252.336#252.609
192	украинского	_	_	_	_	_	_	_	@mp1984m-words#@mp1984m#252.609#252.882
193	/	_	_	_	_	_	_	_	@mp1984m-words#@mp1984m#252.882#253.155
194	и	_	_	_	_	_	_	_	@mp1984m-words#@mp1984m#253.155#253.428
195	и	_	_	_	_	_	_	_	@mp1984m-words#@mp1984m#253.428#253.701
196	русского	_	_	_	_	_	_	_	@mp1984m-words#@mp1984m#253.701#253.974
197	народа	_	_	_	_	_	_	_	@mp1984m-words#@mp1984m#253.974#254.247
198	живущего	_	_	_	_	_	_	_	@mp1984m-words#@mp1984m#254.247#254.52
199	на	_	_	_	_	_	_	_	@mp1984m-words#@mp1984m#254.52#254.793
200	Украине	_	_	_	_	_	_	_	@mp1984m-words#@mp1984m#254.793#255.066
201	у	_	_	_	_	_	_	_	@mp1984m-words#@mp1984m#255.066#255.339
202	него	_	_	_	_	_	_	_	@mp1984m-words#@mp1984m#255.339#255.612
203	другое	_	_	_	_	_	_	_	@mp1984m-words#@mp1984m#255.612#255.885
204	мнение	_	_	_	_	_	_	_	@mp1984m-words#@mp1984m#255.885#256.158
205	/	_	_	_	_	_	_	_	@mp1984m-words#@mp1984m#256.158#256.431
206	они	_	_	_	_	_	_	_	@mp1984m-words#@mp1984m#256.431#256.704
207	считают	_	_	_	_	_	_	_	@mp1984m-words#@mp1984m#256.704#256.977
208	что	_	_	_	_	_	_	_	@mp1984m-words#@mp1984m#256.977#257.25
209	они	_	_	_	_	_	_	_	@mp1984m-words#@mp1984m#257.25#257.523
210	существуют	_	_	_	_	_	_	_	@mp1984m-words#@mp1984m#257.523#257.8
211	русский	_	_	_	_	_	_	_	@mp1984m-words#@mp1984m#267.93#268.532
212	на...	_	_	_	_	_	_	_	@mp1984m-words#@mp1984m#268.532#269.134
213	народ	_	_	_	_	_	_	_	@mp1984m-words#@mp1984m#269.134#269.736
214	[нрзб]	_	_	_	_	_	_	_	@mp1984m-words#@mp1984m#269.736#270.34
215	эвакуировать	_	_	_	_	_	_	_	@mp1984m-words#@mp1984m#280.26#280.76
216	куда	_	_	_	_	_	_	_	@mp1984m-words#@mp1984m#280.76#281.26
217	а	_	_	_	_	_	_	_	@mp1984m-words#@mp1984m#284.93#285.164
218	Россия	_	_	_	_	_	_	_	@mp1984m-words#@mp1984m#285.164#285.398
219	значит	_	_	_	_	_	_	_	@mp1984m-words#@mp1984m#285.398#285.632
220	лучше	_	_	_	_	_	_	_	@mp1984m-words#@mp1984m#285.632#285.866
221	Украины	_	_	_	_	_	_	_	@mp1984m-words#@mp1984m#285.866#286.1
222	/	_	_	_	_	_	_	_	@mp1984m-words#@mp1984m#286.1#286.334
223	правильно	_	_	_	_	_	_	_	@mp1984m-words#@mp1984m#286.334#286.57
224	пральна	_	_	_	_	_	_	_	@mp1984m-words#@mp1984m#286.63#287.04
225	нынешняя	_	_	_	_	_	_	_	@mp1984m-words#@mp1984m#287.86#288.36
226	Россия	_	_	_	_	_	_	_	@mp1984m-words#@mp1984m#288.36#288.86
227	в	_	_	_	_	_	_	_	@mp1984m-words#@mp1984m#301.83#302.235
228	этой	_	_	_	_	_	_	_	@mp1984m-words#@mp1984m#302.235#302.64
229	е...	_	_	_	_	_	_	_	@mp1984m-words#@mp1984m#302.64#303.045
230	ебучей	_	_	_	_	_	_	_	@mp1984m-words#@mp1984m#303.045#303.45
231	/	_	_	_	_	_	_	_	@mp1984m-words#@mp1984m#303.45#303.855
232	восточноевропейской	_	_	_	_	_	_	_	@mp1984m-words#@mp1984m#303.855#304.26
233	Африке	_	_	_	_	_	_	_	@mp1984m-words#@mp1984m#304.26#304.665
234	/	_	_	_	_	_	_	_	@mp1984m-words#@mp1984m#304.665#305.07
235	народ	_	_	_	_	_	_	_	@mp1984m-words#@mp1984m#305.07#305.475
236	может	_	_	_	_	_	_	_	@mp1984m-words#@mp1984m#305.475#305.88
237	/	_	_	_	_	_	_	_	@mp1984m-words#@mp1984m#305.88#306.285
238	выйти	_	_	_	_	_	_	_	@mp1984m-words#@mp1984m#306.285#306.69
239	на	_	_	_	_	_	_	_	@mp1984m-words#@mp1984m#306.69#307.095
240	площадь	_	_	_	_	_	_	_	@mp1984m-words#@mp1984m#307.095#307.5
241	нет	_	_	_	_	_	_	_	@mp1984m-words#@mp1984m#308.49#309.49
242	не	_	_	_	_	_	_	_	@mp1984m-words#@mp1984m#309.83#310.213
243	пизди	_	_	_	_	_	_	_	@mp1984m-words#@mp1984m#310.213#310.596
244	Егор	_	_	_	_	_	_	_	@mp1984m-words#@mp1984m#310.596#310.98
245	лучше	_	_	_	_	_	_	_	@mp1984m-words#@mp1984m#328.75#329.42
246	потому	_	_	_	_	_	_	_	@mp1984m-words#@mp1984m#331.11#331.477
247	что	_	_	_	_	_	_	_	@mp1984m-words#@mp1984m#331.477#331.844
248	с	_	_	_	_	_	_	_	@mp1984m-words#@mp1984m#331.844#332.211
249	этим	_	_	_	_	_	_	_	@mp1984m-words#@mp1984m#332.211#332.578
250	государством	_	_	_	_	_	_	_	@mp1984m-words#@mp1984m#332.578#332.945
251	проще	_	_	_	_	_	_	_	@mp1984m-words#@mp1984m#332.945#333.312
252	справиться	_	_	_	_	_	_	_	@mp1984m-words#@mp1984m#333.312#333.68
253	потому	_	_	_	_	_	_	_	@mp1984m-words#@mp1984m#333.68#333.94
254	что	_	_	_	_	_	_	_	@mp1984m-words#@mp1984m#333.94#334.2
255	оно...	_	_	_	_	_	_	_	@mp1984m-words#@mp1984m#334.2#334.46
256	оно	_	_	_	_	_	_	_	@mp1984m-words#@mp1984m#334.46#334.72
257	слабее	_	_	_	_	_	_	_	@mp1984m-words#@mp1984m#334.72#334.98
258	#одновременно#	_	_	_	_	_	_	_	@mp1984m-words#@mp1984m#336.57#336.862
259	там	_	_	_	_	_	_	_	@mp1984m-words#@mp1984m#336.862#337.154
260	нет	_	_	_	_	_	_	_	@mp1984m-words#@mp1984m#337.154#337.446
261	ро...	_	_	_	_	_	_	_	@mp1984m-words#@mp1984m#337.446#337.738
262	росгвардии	_	_	_	_	_	_	_	@mp1984m-words#@mp1984m#337.738#338.03
263	/	_	_	_	_	_	_	_	@mp1984m-words#@mp1984m#338.03#338.322
264	там	_	_	_	_	_	_	_	@mp1984m-words#@mp1984m#338.322#338.614
265	нет	_	_	_	_	_	_	_	@mp1984m-words#@mp1984m#338.614#338.906
266	эшников	_	_	_	_	_	_	_	@mp1984m-words#@mp1984m#338.906#339.198
267	/	_	_	_	_	_	_	_	@mp1984m-words#@mp1984m#339.198#339.49
268	там	_	_	_	_	_	_	_	@mp1984m-words#@mp1984m#339.49#339.782
269	нет	_	_	_	_	_	_	_	@mp1984m-words#@mp1984m#339.782#340.074
270	толпы	_	_	_	_	_	_	_	@mp1984m-words#@mp1984m#340.074#340.366
271	мусоров	_	_	_	_	_	_	_	@mp1984m-words#@mp1984m#340.366#340.658
272	которые	_	_	_	_	_	_	_	@mp1984m-words#@mp1984m#340.658#340.95
273	го...	_	_	_	_	_	_	_	@mp1984m-words#@mp1984m#340.95#341.242
274	готовы	_	_	_	_	_	_	_	@mp1984m-words#@mp1984m#341.242#341.534
275	пиздить	_	_	_	_	_	_	_	@mp1984m-words#@mp1984m#341.534#341.826
276	их	_	_	_	_	_	_	_	@mp1984m-words#@mp1984m#341.826#342.118
277	и	_	_	_	_	_	_	_	@mp1984m-words#@mp1984m#342.118#342.41
278	убивать	_	_	_	_	_	_	_	@mp1984m-words#@mp1984m#342.41#342.702
279	/	_	_	_	_	_	_	_	@mp1984m-words#@mp1984m#342.702#342.994
280	за...	_	_	_	_	_	_	_	@mp1984m-words#@mp1984m#342.994#343.286
281	за	_	_	_	_	_	_	_	@mp1984m-words#@mp1984m#343.286#343.578
282	вот	_	_	_	_	_	_	_	@mp1984m-words#@mp1984m#343.578#343.87
283	эти	_	_	_	_	_	_	_	@mp1984m-words#@mp1984m#343.87#344.162
284	нефтяные	_	_	_	_	_	_	_	@mp1984m-words#@mp1984m#344.162#344.454
285	бабки	_	_	_	_	_	_	_	@mp1984m-words#@mp1984m#344.454#344.746
286	а	_	_	_	_	_	_	_	@mp1984m-words#@mp1984m#344.746#345.038
287	здесь	_	_	_	_	_	_	_	@mp1984m-words#@mp1984m#345.038#345.33
288	они	_	_	_	_	_	_	_	@mp1984m-words#@mp1984m#345.33#345.622
289	есть	_	_	_	_	_	_	_	@mp1984m-words#@mp1984m#345.622#345.94
290	они	_	_	_	_	_	_	_	@mp1984m-words#@mp1984m#347.83#348.085
291	будут	_	_	_	_	_	_	_	@mp1984m-words#@mp1984m#348.085#348.34
292	пиздить	_	_	_	_	_	_	_	@mp1984m-words#@mp1984m#348.34#348.595
293	тебя	_	_	_	_	_	_	_	@mp1984m-words#@mp1984m#348.595#348.85
294	/	_	_	_	_	_	_	_	@mp1984m-words#@mp1984m#348.85#349.105
295	они	_	_	_	_	_	_	_	@mp1984m-words#@mp1984m#349.105#349.36
296	будут	_	_	_	_	_	_	_	@mp1984m-words#@mp1984m#349.36#349.615
297	с...	_	_	_	_	_	_	_	@mp1984m-words#@mp1984m#349.615#349.87
298	с...	_	_	_	_	_	_	_	@mp1984m-words#@mp1984m#349.87#350.125
299	сажать	_	_	_	_	_	_	_	@mp1984m-words#@mp1984m#350.125#350.38
300	тебя	_	_	_	_	_	_	_	@mp1984m-words#@mp1984m#350.38#350.64
301	ты	_	_	_	_	_	_	_	@ep1984m-words#@ep1984m#1.54#1.985
302	можешь	_	_	_	_	_	_	_	@ep1984m-words#@ep1984m#1.985#2.43
303	открыть	_	_	_	_	_	_	_	@ep1984m-words#@ep1984m#2.43#2.875
304	/	_	_	_	_	_	_	_	@ep1984m-words#@ep1984m#2.875#3.32
305	соцсеть	_	_	_	_	_	_	_	@ep1984m-words#@ep1984m#3.32#3.765
306	и	_	_	_	_	_	_	_	@ep1984m-words#@ep1984m#3.765#4.21
307	прочитать	_	_	_	_	_	_	_	@ep1984m-words#@ep1984m#4.21#4.655
308	архивные...	_	_	_	_	_	_	_	@ep1984m-words#@ep1984m#4.655#5.1
309	мы	_	_	_	_	_	_	_	@ep1984m-words#@ep1984m#5.1#5.545
310	живем	_	_	_	_	_	_	_	@ep1984m-words#@ep1984m#5.545#5.99
311	в	_	_	_	_	_	_	_	@ep1984m-words#@ep1984m#5.99#6.435
312	[нрзб]	_	_	_	_	_	_	_	@ep1984m-words#@ep1984m#6.435#6.88
313	мы	_	_	_	_	_	_	_	@ep1984m-words#@ep1984m#6.9#7.221
314	живем	_	_	_	_	_	_	_	@ep1984m-words#@ep1984m#7.221#7.542
315	в	_	_	_	_	_	_	_	@ep1984m-words#@ep1984m#7.542#7.863
316	[нрзб]	_	_	_	_	_	_	_	@ep1984m-words#@ep1984m#7.863#8.184
317	информационную	_	_	_	_	_	_	_	@ep1984m-words#@ep1984m#8.184#8.505
318	эпоху	_	_	_	_	_	_	_	@ep1984m-words#@ep1984m#8.505#8.83
319	слушай	_	_	_	_	_	_	_	@ep1984m-words#@ep1984m#12.72#13.066
320	нормально	_	_	_	_	_	_	_	@ep1984m-words#@ep1984m#13.066#13.412
321	ты	_	_	_	_	_	_	_	@ep1984m-words#@ep1984m#13.412#13.758
322	Навального	_	_	_	_	_	_	_	@ep1984m-words#@ep1984m#13.758#14.104
323	опустил	_	_	_	_	_	_	_	@ep1984m-words#@ep1984m#14.104#14.45
324	я	_	_	_	_	_	_	_	@ep1984m-words#@ep1984m#17.34#18.335
325	попрошу	_	_	_	_	_	_	_	@ep1984m-words#@ep1984m#18.335#19.33
326	оставить	_	_	_	_	_	_	_	@ep1984m-words#@ep1984m#19.33#20.325
327	это	_	_	_	_	_	_	_	@ep1984m-words#@ep1984m#20.325#21.32
328	в	_	_	_	_	_	_	_	@ep1984m-words#@ep1984m#21.32#22.315
329	финальном	_	_	_	_	_	_	_	@ep1984m-words#@ep1984m#22.315#23.31
330	кате	_	_	_	_	_	_	_	@ep1984m-words#@ep1984m#23.31#24.305
331	#смеется#	_	_	_	_	_	_	_	@ep1984m-words#@ep1984m#24.305#25.3
332	чувак	_	_	_	_	_	_	_	@ep1984m-words#@ep1984m#25.3#26.443
333	молодец	_	_	_	_	_	_	_	@ep1984m-words#@ep1984m#26.443#27.586
334	#смеется#	_	_	_	_	_	_	_	@ep1984m-words#@ep1984m#27.586#28.73
335	нет	_	_	_	_	_	_	_	@ep1984m-words#@ep1984m#30.09#30.305
336	почему	_	_	_	_	_	_	_	@ep1984m-words#@ep1984m#30.305#30.52
337	я	_	_	_	_	_	_	_	@ep1984m-words#@ep1984m#30.52#30.735
338	не	_	_	_	_	_	_	_	@ep1984m-words#@ep1984m#30.735#30.95
339	пытаюсь	_	_	_	_	_	_	_	@ep1984m-words#@ep1984m#30.95#31.165
340	куда-то	_	_	_	_	_	_	_	@ep1984m-words#@ep1984m#31.165#31.38
341	съехать	_	_	_	_	_	_	_	@ep1984m-words#@ep1984m#31.38#31.6
342	ну	_	_	_	_	_	_	_	@ep1984m-words#@ep1984m#34.78#35.09
343	почему	_	_	_	_	_	_	_	@ep1984m-words#@ep1984m#35.09#35.4
344	/	_	_	_	_	_	_	_	@ep1984m-words#@ep1984m#35.4#35.71
345	зачем	_	_	_	_	_	_	_	@ep1984m-words#@ep1984m#35.71#36.02
346	[нрзб]	_	_	_	_	_	_	_	@ep1984m-words#@ep1984m#36.02#36.33
347	для	_	_	_	_	_	_	_	@ep1984m-words#@ep1984m#36.7#37.155
348	начала...	_	_	_	_	_	_	_	@ep1984m-words#@ep1984m#37.155#37.61
349	для	_	_	_	_	_	_	_	@ep1984m-words#@ep1984m#37.61#38.065
350	начала	_	_	_	_	_	_	_	@ep1984m-words#@ep1984m#38.065#38.52
351	активных...	_	_	_	_	_	_	_	@ep1984m-words#@ep1984m#38.52#38.975
352	перемен	_	_	_	_	_	_	_	@ep1984m-words#@ep1984m#38.975#39.43
353	достаточно	_	_	_	_	_	_	_	@ep1984m-words#@ep1984m#39.43#39.885
354	десяти	_	_	_	_	_	_	_	@ep1984m-words#@ep1984m#39.885#40.34
355	процентов	_	_	_	_	_	_	_	@ep1984m-words#@ep1984m#40.34#40.795
356	населения	_	_	_	_	_	_	_	@ep1984m-words#@ep1984m#40.795#41.25
357	#одновременно#	_	_	_	_	_	_	_	@ep1984m-words#@ep1984m#43.97#44.39
358	активно...	_	_	_	_	_	_	_	@ep1984m-words#@ep1984m#44.39#44.81
359	активного	_	_	_	_	_	_	_	@ep1984m-words#@ep1984m#44.81#45.23
360	сопротивления	_	_	_	_	_	_	_	@ep1984m-words#@ep1984m#45.23#45.65
361	военные	_	_	_	_	_	_	_	@ep1984m-words#@ep1984m#46.56#46.948
362	действия	_	_	_	_	_	_	_	@ep1984m-words#@ep1984m#46.948#47.336
363	начались	_	_	_	_	_	_	_	@ep1984m-words#@ep1984m#47.336#47.724
364	не	_	_	_	_	_	_	_	@ep1984m-words#@ep1984m#47.724#48.112
365	сразу	_	_	_	_	_	_	_	@ep1984m-words#@ep1984m#48.112#48.5
366	пе...	_	_	_	_	_	_	_	@ep1984m-words#@ep1984m#48.5#48.908
367	перед	_	_	_	_	_	_	_	@ep1984m-words#@ep1984m#48.908#49.316
368	тем	_	_	_	_	_	_	_	@ep1984m-words#@ep1984m#49.316#49.724
369	как	_	_	_	_	_	_	_	@ep1984m-words#@ep1984m#49.724#50.132
370	начинаются	_	_	_	_	_	_	_	@ep1984m-words#@ep1984m#50.132#50.54
371	военные	_	_	_	_	_	_	_	@ep1984m-words#@ep1984m#50.54#50.948
372	действия	_	_	_	_	_	_	_	@ep1984m-words#@ep1984m#50.948#51.356
373	гражданская	_	_	_	_	_	_	_	@ep1984m-words#@ep1984m#51.356#51.764
374	война	_	_	_	_	_	_	_	@ep1984m-words#@ep1984m#51.764#52.172
375	/	_	_	_	_	_	_	_	@ep1984m-words#@ep1984m#52.172#52.58
376	всегда	_	_	_	_	_	_	_	@ep1984m-words#@ep1984m#52.58#52.988
377	сначала	_	_	_	_	_	_	_	@ep1984m-words#@ep1984m#52.988#53.396
378	происходит	_	_	_	_	_	_	_	@ep1984m-words#@ep1984m#53.396#53.804
379	процесс	_	_	_	_	_	_	_	@ep1984m-words#@ep1984m#53.804#54.212
380	делегитимизации	_	_	_	_	_	_	_	@ep1984m-words#@ep1984m#54.212#54.62
381	власти	_	_	_	_	_	_	_	@ep1984m-words#@ep1984m#54.62#55.03
382	#одновременно#	_	_	_	_	_	_	_	@ep1984m-words#@ep1984m#57.71#57.968
383	нет	_	_	_	_	_	_	_	@ep1984m-words#@ep1984m#57.968#58.226
384	нет	_	_	_	_	_	_	_	@ep1984m-words#@ep1984m#58.226#58.484
385	прости	_	_	_	_	_	_	_	@ep1984m-words#@ep1984m#58.484#58.742
386	дайте	_	_	_	_	_	_	_	@ep1984m-words#@ep1984m#58.742#59.0
387	мне	_	_	_	_	_	_	_	@ep1984m-words#@ep1984m#59.0#59.26
388	не	_	_	_	_	_	_	_	@ep1984m-words#@ep1984m#60.77#60.924
389	не	_	_	_	_	_	_	_	@ep1984m-words#@ep1984m#60.924#61.078
390	не	_	_	_	_	_	_	_	@ep1984m-words#@ep1984m#61.078#61.232
391	не	_	_	_	_	_	_	_	@ep1984m-words#@ep1984m#61.232#61.386
392	не	_	_	_	_	_	_	_	@ep1984m-words#@ep1984m#61.386#61.54
393	в...	_	_	_	_	_	_	_	@ep1984m-words#@ep1984m#61.92#62.155
394	в...	_	_	_	_	_	_	_	@ep1984m-words#@ep1984m#62.155#62.39
395	вы	_	_	_	_	_	_	_	@ep1984m-words#@ep1984m#62.39#62.625
396	/	_	_	_	_	_	_	_	@ep1984m-words#@ep1984m#62.625#62.86
397	вы	_	_	_	_	_	_	_	@ep1984m-words#@ep1984m#62.86#63.095
398	не	_	_	_	_	_	_	_	@ep1984m-words#@ep1984m#63.095#63.33
399	понимаете	_	_	_	_	_	_	_	@ep1984m-words#@ep1984m#63.33#63.565
400	саму	_	_	_	_	_	_	_	@ep1984m-words#@ep1984m#63.565#63.8
401	механику	_	_	_	_	_	_	_	@ep1984m-words#@ep1984m#63.8#64.035
402	государственного	_	_	_	_	_	_	_	@ep1984m-words#@ep1984m#64.035#64.27
403	переворота	_	_	_	_	_	_	_	@ep1984m-words#@ep1984m#64.27#64.505
404	и	_	_	_	_	_	_	_	@ep1984m-words#@ep1984m#64.505#64.74
405	то	_	_	_	_	_	_	_	@ep1984m-words#@ep1984m#64.74#64.975
406	что	_	_	_	_	_	_	_	@ep1984m-words#@ep1984m#64.975#65.21
407	следует	_	_	_	_	_	_	_	@ep1984m-words#@ep1984m#65.21#65.445
408	за	_	_	_	_	_	_	_	@ep1984m-words#@ep1984m#65.445#65.68
409	ним	_	_	_	_	_	_	_	@ep1984m-words#@ep1984m#65.68#65.92
410	важной	_	_	_	_	_	_	_	@ep1984m-words#@ep1984m#66.59#66.956
411	частью	_	_	_	_	_	_	_	@ep1984m-words#@ep1984m#66.956#67.322
412	государственного	_	_	_	_	_	_	_	@ep1984m-words#@ep1984m#67.322#67.688
413	переворота	_	_	_	_	_	_	_	@ep1984m-words#@ep1984m#67.688#68.054
414	является	_	_	_	_	_	_	_	@ep1984m-words#@ep1984m#68.054#68.42
415	/	_	_	_	_	_	_	_	@ep1984m-words#@ep1984m#68.42#68.786
416	делегитимизация	_	_	_	_	_	_	_	@ep1984m-words#@ep1984m#68.786#69.152
417	предыдущей	_	_	_	_	_	_	_	@ep1984m-words#@ep1984m#69.152#69.518
418	власти	_	_	_	_	_	_	_	@ep1984m-words#@ep1984m#69.518#69.884
419	/	_	_	_	_	_	_	_	@ep1984m-words#@ep1984m#69.884#70.25
420	то	_	_	_	_	_	_	_	@ep1984m-words#@ep1984m#70.25#70.616
421	бишь	_	_	_	_	_	_	_	@ep1984m-words#@ep1984m#70.616#70.982
422	Януковича	_	_	_	_	_	_	_	@ep1984m-words#@ep1984m#70.982#71.348
423	/	_	_	_	_	_	_	_	@ep1984m-words#@ep1984m#71.348#71.714
424	что	_	_	_	_	_	_	_	@ep1984m-words#@ep1984m#71.714#72.08
425	/	_	_	_	_	_	_	_	@ep1984m-words#@ep1984m#72.08#72.446
426	уважаемые	_	_	_	_	_	_	_	@ep1984m-words#@ep1984m#72.446#72.812
427	майдановцы	_	_	_	_	_	_	_	@ep1984m-words#@ep1984m#72.812#73.178
428	прекрасно	_	_	_	_	_	_	_	@ep1984m-words#@ep1984m#73.178#73.544
429	сделали	_	_	_	_	_	_	_	@ep1984m-words#@ep1984m#73.544#73.91
430	однако	_	_	_	_	_	_	_	@ep1984m-words#@ep1984m#73.91#74.219
431	после	_	_	_	_	_	_	_	@ep1984m-words#@ep1984m#74.219#74.528
432	этого	_	_	_	_	_	_	_	@ep1984m-words#@ep1984m#74.528#74.837
433	им	_	_	_	_	_	_	_	@ep1984m-words#@ep1984m#74.837#75.146
434	надо	_	_	_	_	_	_	_	@ep1984m-words#@ep1984m#75.146#75.455
435	было	_	_	_	_	_	_	_	@ep1984m-words#@ep1984m#75.455#75.764
436	легитимизировать	_	_	_	_	_	_	_	@ep1984m-words#@ep1984m#75.764#76.073
437	себя	_	_	_	_	_	_	_	@ep1984m-words#@ep1984m#76.073#76.382
438	/	_	_	_	_	_	_	_	@ep1984m-words#@ep1984m#76.382#76.691
439	новую	_	_	_	_	_	_	_	@ep1984m-words#@ep1984m#76.691#77.0
440	власть	_	_	_	_	_	_	_	@ep1984m-words#@ep1984m#77.0#77.309
441	/	_	_	_	_	_	_	_	@ep1984m-words#@ep1984m#77.309#77.618
442	за	_	_	_	_	_	_	_	@ep1984m-words#@ep1984m#77.618#77.927
443	которую	_	_	_	_	_	_	_	@ep1984m-words#@ep1984m#77.927#78.236
444	кто	_	_	_	_	_	_	_	@ep1984m-words#@ep1984m#78.236#78.545
445	голосовал	_	_	_	_	_	_	_	@ep1984m-words#@ep1984m#78.545#78.854
446	/	_	_	_	_	_	_	_	@ep1984m-words#@ep1984m#78.854#79.163
447	которую	_	_	_	_	_	_	_	@ep1984m-words#@ep1984m#79.163#79.472
448	никто	_	_	_	_	_	_	_	@ep1984m-words#@ep1984m#79.472#79.781
449	не	_	_	_	_	_	_	_	@ep1984m-words#@ep1984m#79.781#80.09
450	выбира...\	_	_	_	_	_	_	_	@ep1984m-words#@ep1984m#80.09#80.41
451	нет	_	_	_	_	_	_	_	@ep1984m-words#@ep1984m#80.41#80.83
452	подожди	_	_	_	_	_	_	_	@ep1984m-words#@ep1984m#80.83#81.25
453	прости	_	_	_	_	_	_	_	@ep1984m-words#@ep1984m#81.26#81.523
454	меня	_	_	_	_	_	_	_	@ep1984m-words#@ep1984m#81.523#81.786
455	но	_	_	_	_	_	_	_	@ep1984m-words#@ep1984m#81.786#82.049
456	даже	_	_	_	_	_	_	_	@ep1984m-words#@ep1984m#82.049#82.312
457	Рада	_	_	_	_	_	_	_	@ep1984m-words#@ep1984m#82.312#82.575
458	/	_	_	_	_	_	_	_	@ep1984m-words#@ep1984m#82.575#82.838
459	на	_	_	_	_	_	_	_	@ep1984m-words#@ep1984m#82.838#83.101
460	самом	_	_	_	_	_	_	_	@ep1984m-words#@ep1984m#83.101#83.364
461	деле	_	_	_	_	_	_	_	@ep1984m-words#@ep1984m#83.364#83.627
462	нелегитимно	_	_	_	_	_	_	_	@ep1984m-words#@ep1984m#83.627#83.89
463	/	_	_	_	_	_	_	_	@ep1984m-words#@ep1984m#83.89#84.153
464	отстранила	_	_	_	_	_	_	_	@ep1984m-words#@ep1984m#84.153#84.416
465	Януковича	_	_	_	_	_	_	_	@ep1984m-words#@ep1984m#84.416#84.679
466	потому	_	_	_	_	_	_	_	@ep1984m-words#@ep1984m#84.679#84.942
467	что	_	_	_	_	_	_	_	@ep1984m-words#@ep1984m#84.942#85.205
468	по	_	_	_	_	_	_	_	@ep1984m-words#@ep1984m#85.205#85.468
469	тем	_	_	_	_	_	_	_	@ep1984m-words#@ep1984m#85.468#85.731
470	пунктам	_	_	_	_	_	_	_	@ep1984m-words#@ep1984m#85.731#85.994
471	по	_	_	_	_	_	_	_	@ep1984m-words#@ep1984m#85.994#86.257
472	которым	_	_	_	_	_	_	_	@ep1984m-words#@ep1984m#86.257#86.52
473	она	_	_	_	_	_	_	_	@ep1984m-words#@ep1984m#86.52#86.783
474	его	_	_	_	_	_	_	_	@ep1984m-words#@ep1984m#86.783#87.046
475	отстранила	_	_	_	_	_	_	_	@ep1984m-words#@ep1984m#87.046#87.309
476	/	_	_	_	_	_	_	_	@ep1984m-words#@ep1984m#87.309#87.572
477	просто	_	_	_	_	_	_	_	@ep1984m-words#@ep1984m#87.572#87.835
478	в	_	_	_	_	_	_	_	@ep1984m-words#@ep1984m#87.835#88.098
479	конституции	_	_	_	_	_	_	_	@ep1984m-words#@ep1984m#88.098#88.361
480	Украины	_	_	_	_	_	_	_	@ep1984m-words#@ep1984m#88.361#88.624
481	нет	_	_	_	_	_	_	_	@ep1984m-words#@ep1984m#88.624#88.9
482	в	_	_	_	_	_	_	_	@ep1984m-words#@ep1984m#88.9#89.121
483	отличие	_	_	_	_	_	_	_	@ep1984m-words#@ep1984m#89.121#89.342
484	от	_	_	_	_	_	_	_	@ep1984m-words#@ep1984m#89.342#89.563
485	тебя	_	_	_	_	_	_	_	@ep1984m-words#@ep1984m#89.563#89.784
486	я	_	_	_	_	_	_	_	@ep1984m-words#@ep1984m#89.784#90.005
487	конституцию	_	_	_	_	_	_	_	@ep1984m-words#@ep1984m#90.005#90.226
488	Украины	_	_	_	_	_	_	_	@ep1984m-words#@ep1984m#90.226#90.447
489	читал	_	_	_	_	_	_	_	@ep1984m-words#@ep1984m#90.447#90.67
490	ну	_	_	_	_	_	_	_	@ep1984m-words#@ep1984m#90.88#91.113
491	и	_	_	_	_	_	_	_	@ep1984m-words#@ep1984m#91.113#91.346
492	то	_	_	_	_	_	_	_	@ep1984m-words#@ep1984m#91.346#91.58
493	#одновременно#	_	_	_	_	_	_	_	@ep1984m-words#@ep1984m#93.16#93.483
494	эта	_	_	_	_	_	_	_	@ep1984m-words#@ep1984m#93.483#93.806
495	статья	_	_	_	_	_	_	_	@ep1984m-words#@ep1984m#93.806#94.129
496	[нрзб]	_	_	_	_	_	_	_	@ep1984m-words#@ep1984m#94.129#94.452
497	не	_	_	_	_	_	_	_	@ep1984m-words#@ep1984m#94.452#94.775
498	менялась	_	_	_	_	_	_	_	@ep1984m-words#@ep1984m#94.775#95.1
499	эта	_	_	_	_	_	_	_	@ep1984m-words#@ep1984m#95.1#95.485
500	статья	_	_	_	_	_	_	_	@ep1984m-words#@ep1984m#95.485#95.87
501	была	_	_	_	_	_	_	_	@ep1984m-words#@ep1984m#95.87#96.255
502	принята	_	_	_	_	_	_	_	@ep1984m-words#@ep1984m#96.255#96.64
503	великим	_	_	_	_	_	_	_	@ep1984m-words#@ep1984m#96.64#97.025
504	украинским	_	_	_	_	_	_	_	@ep1984m-words#@ep1984m#97.025#97.41
505	народом	_	_	_	_	_	_	_	@ep1984m-words#@ep1984m#97.41#97.8
506	э...	_	_	_	_	_	_	_	@ep1984m-words#@ep1984m#116.6#117.07
507	это	_	_	_	_	_	_	_	@ep1984m-words#@ep1984m#117.07#117.54
508	типичный	_	_	_	_	_	_	_	@ep1984m-words#@ep1984m#117.54#118.01
509	прием...	_	_	_	_	_	_	_	@ep1984m-words#@ep1984m#118.01#118.48
510	приём	_	_	_	_	_	_	_	@ep1984m-words#@ep1984m#118.48#118.95
511	тупой	_	_	_	_	_	_	_	@ep1984m-words#@ep1984m#118.95#119.42
512	полемики	_	_	_	_	_	_	_	@ep1984m-words#@ep1984m#119.42#119.89
513	/	_	_	_	_	_	_	_	@ep1984m-words#@ep1984m#119.89#120.36
514	когда	_	_	_	_	_	_	_	@ep1984m-words#@ep1984m#120.36#120.83
515	[нрзб]	_	_	_	_	_	_	_	@ep1984m-words#@ep1984m#120.83#121.3
516	для	_	_	_	_	_	_	_	@ep1984m-words#@ep1984m#121.3#121.77
517	обсуждения	_	_	_	_	_	_	_	@ep1984m-words#@ep1984m#121.77#122.24
518	#одновременно#	_	_	_	_	_	_	_	@ep1984m-words#@ep1984m#128.46#128.8
519	какие	_	_	_	_	_	_	_	@ep1984m-words#@ep1984m#128.8#129.14
520	люди	_	_	_	_	_	_	_	@ep1984m-words#@ep1984m#129.14#129.48
521	господа	_	_	_	_	_	_	_	@ep1984m-words#@ep1984m#129.48#130.105
522	[нрзб]	_	_	_	_	_	_	_	@ep1984m-words#@ep1984m#130.105#130.73
523	#одновременно#	_	_	_	_	_	_	_	@ep1984m-words#@ep1984m#131.45#131.765
524	как	_	_	_	_	_	_	_	@ep1984m-words#@ep1984m#131.765#132.08
525	раз	_	_	_	_	_	_	_	@ep1984m-words#@ep1984m#132.08#132.395
526	русскому	_	_	_	_	_	_	_	@ep1984m-words#@ep1984m#132.395#132.71
527	народу	_	_	_	_	_	_	_	@ep1984m-words#@ep1984m#132.71#133.025
528	я	_	_	_	_	_	_	_	@ep1984m-words#@ep1984m#133.025#133.34
529	ниче	_	_	_	_	_	_	_	@ep1984m-words#@ep1984m#133.34#133.655
530	не	_	_	_	_	_	_	_	@ep1984m-words#@ep1984m#133.655#133.97
531	предъявляю	_	_	_	_	_	_	_	@ep1984m-words#@ep1984m#133.97#134.29
532	и	_	_	_	_	_	_	_	@ep1984m-words#@ep1984m#134.34#134.632
533	даже	_	_	_	_	_	_	_	@ep1984m-words#@ep1984m#134.632#134.924
534	украинскому	_	_	_	_	_	_	_	@ep1984m-words#@ep1984m#134.924#135.216
535	народу	_	_	_	_	_	_	_	@ep1984m-words#@ep1984m#135.216#135.508
536	я	_	_	_	_	_	_	_	@ep1984m-words#@ep1984m#135.508#135.8
537	ничё	_	_	_	_	_	_	_	@ep1984m-words#@ep1984m#135.8#136.092
538	не	_	_	_	_	_	_	_	@ep1984m-words#@ep1984m#136.092#136.384
539	предъявляю	_	_	_	_	_	_	_	@ep1984m-words#@ep1984m#136.384#136.68
540	кто	_	_	_	_	_	_	_	@ep1984m-words#@ep1984m#138.58#138.866
541	кого	_	_	_	_	_	_	_	@ep1984m-words#@ep1984m#138.866#139.152
542	давит	_	_	_	_	_	_	_	@ep1984m-words#@ep1984m#139.152#139.44
543	#одновременно#	_	_	_	_	_	_	_	@ep1984m-words#@ep1984m#144.64#144.905
544	а	_	_	_	_	_	_	_	@ep1984m-words#@ep1984m#144.905#145.17
545	какое	_	_	_	_	_	_	_	@ep1984m-words#@ep1984m#145.17#145.435
546	это	_	_	_	_	_	_	_	@ep1984m-words#@ep1984m#145.435#145.7
547	отно...	_	_	_	_	_	_	_	@ep1984m-words#@ep1984m#145.7#145.965
548	а	_	_	_	_	_	_	_	@ep1984m-words#@ep1984m#145.965#146.23
549	какое	_	_	_	_	_	_	_	@ep1984m-words#@ep1984m#146.23#146.495
550	отношение	_	_	_	_	_	_	_	@ep1984m-words#@ep1984m#146.495#146.76
551	это	_	_	_	_	_	_	_	@ep1984m-words#@ep1984m#146.76#147.025
552	имеет	_	_	_	_	_	_	_	@ep1984m-words#@ep1984m#147.025#147.29
553	/	_	_	_	_	_	_	_	@ep1984m-words#@ep1984m#147.29#147.555
554	прости	_	_	_	_	_	_	_	@ep1984m-words#@ep1984m#147.555#147.82
555	меня	_	_	_	_	_	_	_	@ep1984m-words#@ep1984m#147.82#148.085
556	а	_	_	_	_	_	_	_	@ep1984m-words#@ep1984m#148.085#148.35
557	какое	_	_	_	_	_	_	_	@ep1984m-words#@ep1984m#148.35#148.615
558	отношение	_	_	_	_	_	_	_	@ep1984m-words#@ep1984m#148.615#148.88
559	это	_	_	_	_	_	_	_	@ep1984m-words#@ep1984m#148.88#149.145
560	имеет	_	_	_	_	_	_	_	@ep1984m-words#@ep1984m#149.145#149.41
561	к	_	_	_	_	_	_	_	@ep1984m-words#@ep1984m#149.41#149.675
562	закрытому	_	_	_	_	_	_	_	@ep1984m-words#@ep1984m#149.675#149.94
563	списку	_	_	_	_	_	_	_	@ep1984m-words#@ep1984m#149.94#150.205
564	пунктов	_	_	_	_	_	_	_	@ep1984m-words#@ep1984m#150.205#150.47
565	по	_	_	_	_	_	_	_	@ep1984m-words#@ep1984m#150.47#150.735
566	импичменту	_	_	_	_	_	_	_	@ep1984m-words#@ep1984m#150.735#151.0
567	в	_	_	_	_	_	_	_	@ep1984m-words#@ep1984m#151.0#151.265
568	украинской	_	_	_	_	_	_	_	@ep1984m-words#@ep1984m#151.265#151.53
569	конституции	_	_	_	_	_	_	_	@ep1984m-words#@ep1984m#151.53#151.795
570	/	_	_	_	_	_	_	_	@ep1984m-words#@ep1984m#151.795#152.06
571	это	_	_	_	_	_	_	_	@ep1984m-words#@ep1984m#152.06#152.325
572	Путин	_	_	_	_	_	_	_	@ep1984m-words#@ep1984m#152.325#152.59
573	[нрзб]	_	_	_	_	_	_	_	@ep1984m-words#@ep1984m#152.59#152.855
574	это	_	_	_	_	_	_	_	@ep1984m-words#@ep1984m#152.855#153.12
575	Путин	_	_	_	_	_	_	_	@ep1984m-words#@ep1984m#153.12#153.385
576	написал	_	_	_	_	_	_	_	@ep1984m-words#@ep1984m#153.385#153.65
577	#одновременно#	_	_	_	_	_	_	_	@ep1984m-words#@ep1984m#157.62#157.988
578	каким	_	_	_	_	_	_	_	@ep1984m-words#@ep1984m#157.988#158.356
579	именно	_	_	_	_	_	_	_	@ep1984m-words#@ep1984m#158.356#158.724
580	номенклатурным	_	_	_	_	_	_	_	@ep1984m-words#@ep1984m#158.724#159.092
581	классом	_	_	_	_	_	_	_	@ep1984m-words#@ep1984m#159.092#159.46
582	то	_	_	_	_	_	_	_	@ep1984m-words#@ep1984m#162.79#163.154
583	есть	_	_	_	_	_	_	_	@ep1984m-words#@ep1984m#163.154#163.518
584	ты	_	_	_	_	_	_	_	@ep1984m-words#@ep1984m#163.518#163.882
585	[нрзб]	_	_	_	_	_	_	_	@ep1984m-words#@ep1984m#163.882#164.246
586	то	_	_	_	_	_	_	_	@ep1984m-words#@ep1984m#164.246#164.61
587	есть	_	_	_	_	_	_	_	@ep1984m-words#@ep1984m#164.61#164.974
588	ты	_	_	_	_	_	_	_	@ep1984m-words#@ep1984m#164.974#165.338
589	/	_	_	_	_	_	_	_	@ep1984m-words#@ep1984m#165.338#165.702
590	то	_	_	_	_	_	_	_	@ep1984m-words#@ep1984m#165.702#166.066
591	есть	_	_	_	_	_	_	_	@ep1984m-words#@ep1984m#166.066#166.43
592	нет	_	_	_	_	_	_	_	@ep1984m-words#@ep1984m#166.74#167.101
593	э	_	_	_	_	_	_	_	@ep1984m-words#@ep1984m#167.101#167.462
594	/	_	_	_	_	_	_	_	@ep1984m-words#@ep1984m#167.462#167.823
595	подожди	_	_	_	_	_	_	_	@ep1984m-words#@ep1984m#167.823#168.184
596	/	_	_	_	_	_	_	_	@ep1984m-words#@ep1984m#168.184#168.545
597	ты	_	_	_	_	_	_	_	@ep1984m-words#@ep1984m#168.545#168.906
598	мне	_	_	_	_	_	_	_	@ep1984m-words#@ep1984m#168.906#169.267
599	щас	_	_	_	_	_	_	_	@ep1984m-words#@ep1984m#169.267#169.628
600	пытаешься	_	_	_	_	_	_	_	@ep1984m-words#@ep1984m#169.628#169.989
601	[нрзб]	_	_	_	_	_	_	_	@ep1984m-words#@ep1984m#169.989#170.35
602	[нрзб]	_	_	_	_	_	_	_	@ep1984m-words#@ep1984m#171.65#172.425
603	[нрзб]	_	_	_	_	_	_	_	@ep1984m-words#@ep1984m#172.43#173.02
604	#одновременно#	_	_	_	_	_	_	_	@ep1984m-words#@ep1984m#177.27#177.532
605	[нрзб]	_	_	_	_	_	_	_	@ep1984m-words#@ep1984m#177.532#177.794
606	это	_	_	_	_	_	_	_	@ep1984m-words#@ep1984m#177.794#178.056
607	/	_	_	_	_	_	_	_	@ep1984m-words#@ep1984m#178.056#178.318
608	нет	_	_	_	_	_	_	_	@ep1984m-words#@ep1984m#178.318#178.58
609	господа	_	_	_	_	_	_	_	@ep1984m-words#@ep1984m#178.58#178.842
610	простите	_	_	_	_	_	_	_	@ep1984m-words#@ep1984m#178.842#179.104
611	это	_	_	_	_	_	_	_	@ep1984m-words#@ep1984m#179.104#179.366
612	вы	_	_	_	_	_	_	_	@ep1984m-words#@ep1984m#179.366#179.628
613	счит...	_	_	_	_	_	_	_	@ep1984m-words#@ep1984m#179.628#179.89
614	господа	_	_	_	_	_	_	_	@ep1984m-words#@ep1984m#179.89#180.152
615	простите	_	_	_	_	_	_	_	@ep1984m-words#@ep1984m#180.152#180.414
616	это	_	_	_	_	_	_	_	@ep1984m-words#@ep1984m#180.414#180.676
617	вы	_	_	_	_	_	_	_	@ep1984m-words#@ep1984m#180.676#180.938
618	считаете	_	_	_	_	_	_	_	@ep1984m-words#@ep1984m#180.938#181.2
619	что	_	_	_	_	_	_	_	@ep1984m-words#@ep1984m#181.2#181.462
620	как	_	_	_	_	_	_	_	@ep1984m-words#@ep1984m#181.462#181.724
621	бы	_	_	_	_	_	_	_	@ep1984m-words#@ep1984m#181.724#181.986
622	есть	_	_	_	_	_	_	_	@ep1984m-words#@ep1984m#181.986#182.248
623	какая-то	_	_	_	_	_	_	_	@ep1984m-words#@ep1984m#182.248#182.51
624	Украина	_	_	_	_	_	_	_	@ep1984m-words#@ep1984m#182.51#182.772
625	у	_	_	_	_	_	_	_	@ep1984m-words#@ep1984m#182.772#183.034
626	которой	_	_	_	_	_	_	_	@ep1984m-words#@ep1984m#183.034#183.296
627	там	_	_	_	_	_	_	_	@ep1984m-words#@ep1984m#183.296#183.558
628	есть	_	_	_	_	_	_	_	@ep1984m-words#@ep1984m#183.558#183.82
629	какая-то	_	_	_	_	_	_	_	@ep1984m-words#@ep1984m#183.82#184.082
630	конституция	_	_	_	_	_	_	_	@ep1984m-words#@ep1984m#184.082#184.344
631	какой-то	_	_	_	_	_	_	_	@ep1984m-words#@ep1984m#184.344#184.606
632	народ	_	_	_	_	_	_	_	@ep1984m-words#@ep1984m#184.606#184.88
633	ты	_	_	_	_	_	_	_	@ep1984m-words#@ep1984m#184.88#185.221
634	/	_	_	_	_	_	_	_	@ep1984m-words#@ep1984m#185.221#185.562
635	определись	_	_	_	_	_	_	_	@ep1984m-words#@ep1984m#185.562#185.903
636	/	_	_	_	_	_	_	_	@ep1984m-words#@ep1984m#185.903#186.244
637	то	_	_	_	_	_	_	_	@ep1984m-words#@ep1984m#186.244#186.585
638	ли	_	_	_	_	_	_	_	@ep1984m-words#@ep1984m#186.585#186.926
639	либо	_	_	_	_	_	_	_	@ep1984m-words#@ep1984m#186.926#187.267
640	как...	_	_	_	_	_	_	_	@ep1984m-words#@ep1984m#187.267#187.608
641	то	_	_	_	_	_	_	_	@ep1984m-words#@ep1984m#187.608#187.949
642	ли	_	_	_	_	_	_	_	@ep1984m-words#@ep1984m#187.949#188.29
643	все	_	_	_	_	_	_	_	@ep1984m-words#@ep1984m#188.29#188.631
644	эти	_	_	_	_	_	_	_	@ep1984m-words#@ep1984m#188.631#188.972
645	конституции	_	_	_	_	_	_	_	@ep1984m-words#@ep1984m#188.972#189.313
646	это	_	_	_	_	_	_	_	@ep1984m-words#@ep1984m#189.313#189.654
647	бумажки	_	_	_	_	_	_	_	@ep1984m-words#@ep1984m#189.654#189.995
648	/	_	_	_	_	_	_	_	@ep1984m-words#@ep1984m#189.995#190.336
649	написанные	_	_	_	_	_	_	_	@ep1984m-words#@ep1984m#190.336#190.677
650	номенклатурным	_	_	_	_	_	_	_	@ep1984m-words#@ep1984m#190.677#191.018
651	классом	_	_	_	_	_	_	_	@ep1984m-words#@ep1984m#191.018#191.359
652	/	_	_	_	_	_	_	_	@ep1984m-words#@ep1984m#191.359#191.7
653	чтобы	_	_	_	_	_	_	_	@ep1984m-words#@ep1984m#191.7#192.05
654	а	_	_	_	_	_	_	_	@ep1984m-words#@ep1984m#195.11#195.31
655	в	_	_	_	_	_	_	_	@ep1984m-words#@ep1984m#195.31#195.51
656	советских	_	_	_	_	_	_	_	@ep1984m-words#@ep1984m#195.51#195.71
657	ну	_	_	_	_	_	_	_	@ep1984m-words#@ep1984m#195.71#195.91
658	как	_	_	_	_	_	_	_	@ep1984m-words#@ep1984m#195.91#196.11
659	бы	_	_	_	_	_	_	_	@ep1984m-words#@ep1984m#196.11#196.31
660	СССР-то	_	_	_	_	_	_	_	@ep1984m-words#@ep1984m#196.31#196.51
661	как	_	_	_	_	_	_	_	@ep1984m-words#@ep1984m#196.51#196.71
662	бы	_	_	_	_	_	_	_	@ep1984m-words#@ep1984m#196.71#196.91
663	то	_	_	_	_	_	_	_	@ep1984m-words#@ep1984m#198.23#198.486
664	есть	_	_	_	_	_	_	_	@ep1984m-words#@ep1984m#198.486#198.742
665	получается	_	_	_	_	_	_	_	@ep1984m-words#@ep1984m#198.742#198.998
666	что	_	_	_	_	_	_	_	@ep1984m-words#@ep1984m#198.998#199.254
667	как	_	_	_	_	_	_	_	@ep1984m-words#@ep1984m#199.254#199.51
668	бы	_	_	_	_	_	_	_	@ep1984m-words#@ep1984m#199.51#199.766
669	/	_	_	_	_	_	_	_	@ep1984m-words#@ep1984m#199.766#200.022
670	УкрАинская	_	_	_	_	_	_	_	@ep1984m-words#@ep1984m#200.022#200.278
671	республика	_	_	_	_	_	_	_	@ep1984m-words#@ep1984m#200.278#200.534
672	создана	_	_	_	_	_	_	_	@ep1984m-words#@ep1984m#200.534#200.79
673	какой-то	_	_	_	_	_	_	_	@ep1984m-words#@ep1984m#200.79#201.046
674	номенклатурой	_	_	_	_	_	_	_	@ep1984m-words#@ep1984m#201.046#201.302
675	/	_	_	_	_	_	_	_	@ep1984m-words#@ep1984m#201.302#201.558
676	я	_	_	_	_	_	_	_	@ep1984m-words#@ep1984m#201.558#201.814
677	правильно	_	_	_	_	_	_	_	@ep1984m-words#@ep1984m#201.814#202.07
678	понял	_	_	_	_	_	_	_	@ep1984m-words#@ep1984m#202.07#202.33
679	то	_	_	_	_	_	_	_	@ep1984m-words#@ep1984m#202.96#203.13
680	есть	_	_	_	_	_	_	_	@ep1984m-words#@ep1984m#203.13#203.3
681	ты	_	_	_	_	_	_	_	@ep1984m-words#@ep1984m#203.3#203.47
682	то	_	_	_	_	_	_	_	@ep1984m-words#@ep1984m#203.53#203.743
683	есть	_	_	_	_	_	_	_	@ep1984m-words#@ep1984m#203.743#203.956
684	ты	_	_	_	_	_	_	_	@ep1984m-words#@ep1984m#203.956#204.169
685	щас	_	_	_	_	_	_	_	@ep1984m-words#@ep1984m#204.169#204.382
686	как	_	_	_	_	_	_	_	@ep1984m-words#@ep1984m#204.382#204.595
687	бы	_	_	_	_	_	_	_	@ep1984m-words#@ep1984m#204.595#204.808
688	пересказываешь	_	_	_	_	_	_	_	@ep1984m-words#@ep1984m#204.808#205.021
689	Спутник	_	_	_	_	_	_	_	@ep1984m-words#@ep1984m#205.021#205.234
690	и	_	_	_	_	_	_	_	@ep1984m-words#@ep1984m#205.234#205.447
691	Погром	_	_	_	_	_	_	_	@ep1984m-words#@ep1984m#205.447#205.66
692	только	_	_	_	_	_	_	_	@ep1984m-words#@ep1984m#205.98#206.267
693	у	_	_	_	_	_	_	_	@ep1984m-words#@ep1984m#206.267#206.554
694	тебя	_	_	_	_	_	_	_	@ep1984m-words#@ep1984m#206.554#206.841
695	дальше	_	_	_	_	_	_	_	@ep1984m-words#@ep1984m#206.841#207.128
696	из	_	_	_	_	_	_	_	@ep1984m-words#@ep1984m#207.128#207.415
697	этого	_	_	_	_	_	_	_	@ep1984m-words#@ep1984m#207.415#207.702
698	/	_	_	_	_	_	_	_	@ep1984m-words#@ep1984m#207.702#207.989
699	вместо	_	_	_	_	_	_	_	@ep1984m-words#@ep1984m#207.989#208.276
700	логического	_	_	_	_	_	_	_	@ep1984m-words#@ep1984m#208.276#208.563
701	вывода	_	_	_	_	_	_	_	@ep1984m-words#@ep1984m#208.563#208.85
702	ну	_	_	_	_	_	_	_	@ep1984m-words#@ep1984m#208.85#209.137
703	и	_	_	_	_	_	_	_	@ep1984m-words#@ep1984m#209.137#209.424
704	хрен	_	_	_	_	_	_	_	@ep1984m-words#@ep1984m#209.424#209.711
705	с	_	_	_	_	_	_	_	@ep1984m-words#@ep1984m#209.711#209.998
706	ней	_	_	_	_	_	_	_	@ep1984m-words#@ep1984m#209.998#210.285
707	с	_	_	_	_	_	_	_	@ep1984m-words#@ep1984m#210.285#210.572
708	УкрАинской	_	_	_	_	_	_	_	@ep1984m-words#@ep1984m#210.572#210.859
709	республикой	_	_	_	_	_	_	_	@ep1984m-words#@ep1984m#210.859#211.146
710	/	_	_	_	_	_	_	_	@ep1984m-words#@ep1984m#211.146#211.433
711	она	_	_	_	_	_	_	_	@ep1984m-words#@ep1984m#211.433#211.72
712	ж	_	_	_	_	_	_	_	@ep1984m-words#@ep1984m#211.72#212.007
713	как	_	_	_	_	_	_	_	@ep1984m-words#@ep1984m#212.007#212.294
714	бы	_	_	_	_	_	_	_	@ep1984m-words#@ep1984m#212.294#212.581
715	не	_	_	_	_	_	_	_	@ep1984m-words#@ep1984m#212.581#212.868
716	имеет	_	_	_	_	_	_	_	@ep1984m-words#@ep1984m#212.868#213.155
717	никаких	_	_	_	_	_	_	_	@ep1984m-words#@ep1984m#213.155#213.442
718	/	_	_	_	_	_	_	_	@ep1984m-words#@ep1984m#213.442#213.729
719	никакого	_	_	_	_	_	_	_	@ep1984m-words#@ep1984m#213.729#214.016
720	права	_	_	_	_	_	_	_	@ep1984m-words#@ep1984m#214.016#214.303
721	на	_	_	_	_	_	_	_	@ep1984m-words#@ep1984m#214.303#214.59
722	существование	_	_	_	_	_	_	_	@ep1984m-words#@ep1984m#214.59#214.877
723	[нрзб]	_	_	_	_	_	_	_	@ep1984m-words#@ep1984m#214.877#215.19
724	#одновременно#	_	_	_	_	_	_	_	@ep1984m-words#@ep1984m#217.15#217.516
725	нет	_	_	_	_	_	_	_	@ep1984m-words#@ep1984m#217.516#217.882
726	подожди	_	_	_	_	_	_	_	@ep1984m-words#@ep1984m#217.882#218.25
727	а	_	_	_	_	_	_	_	@ep1984m-words#@ep1984m#218.27#218.746
728	порошенковская	_	_	_	_	_	_	_	@ep1984m-words#@ep1984m#218.746#219.222
729	Украина	_	_	_	_	_	_	_	@ep1984m-words#@ep1984m#219.222#219.7
730	[нрзб]	_	_	_	_	_	_	_	@ep1984m-words#@ep1984m#231.53#233.13
731	[нрзб]	_	_	_	_	_	_	_	@ep1984m-words#@ep1984m#233.13#233.61
732	я...	_	_	_	_	_	_	_	@ep1984m-words#@ep1984m#233.61#234.09
733	я	_	_	_	_	_	_	_	@ep1984m-words#@ep1984m#234.09#234.57
734	понял	_	_	_	_	_	_	_	@ep1984m-words#@ep1984m#234.57#235.05
735	что	_	_	_	_	_	_	_	@ep1984m-words#@ep1984m#235.05#235.53
736	вы	_	_	_	_	_	_	_	@ep1984m-words#@ep1984m#235.53#236.01
737	поддерживаете	_	_	_	_	_	_	_	@ep1984m-words#@ep1984m#236.01#236.49
738	дегенератов	_	_	_	_	_	_	_	@ep1984m-words#@ep1984m#236.49#236.97
739	из	_	_	_	_	_	_	_	@ep1984m-words#@ep1984m#236.97#237.45
740	украинских	_	_	_	_	_	_	_	@ep1984m-words#@ep1984m#237.45#237.93
741	/	_	_	_	_	_	_	_	@ep1984m-words#@ep1984m#237.93#238.41
742	нацпартий	_	_	_	_	_	_	_	@ep1984m-words#@ep1984m#238.41#238.9
743	#одновременно#	_	_	_	_	_	_	_	@ep1984m-words#@ep1984m#239.45#239.693
744	[нрзб]	_	_	_	_	_	_	_	@ep1984m-words#@ep1984m#239.693#239.936
745	господа	_	_	_	_	_	_	_	@ep1984m-words#@ep1984m#239.936#240.179
746	вы	_	_	_	_	_	_	_	@ep1984m-words#@ep1984m#240.179#240.422
747	со	_	_	_	_	_	_	_	@ep1984m-words#@ep1984m#240.422#240.665
748	мной	_	_	_	_	_	_	_	@ep1984m-words#@ep1984m#240.665#240.908
749	говорили	_	_	_	_	_	_	_	@ep1984m-words#@ep1984m#240.908#241.151
750	про	_	_	_	_	_	_	_	@ep1984m-words#@ep1984m#241.151#241.394
751	Украину	_	_	_	_	_	_	_	@ep1984m-words#@ep1984m#241.394#241.64
752	#одновременно#	_	_	_	_	_	_	_	@ep1984m-words#@ep1984m#242.06#243.775
753	[нрзб]	_	_	_	_	_	_	_	@ep1984m-words#@ep1984m#243.775#245.49
754	а	_	_	_	_	_	_	_	@ep1984m-words#@ep1984m#245.49#245.747
755	зачем	_	_	_	_	_	_	_	@ep1984m-words#@ep1984m#245.747#246.004
756	поддерживать	_	_	_	_	_	_	_	@ep1984m-words#@ep1984m#246.004#246.261
757	украинский	_	_	_	_	_	_	_	@ep1984m-words#@ep1984m#246.261#246.518
758	народ	_	_	_	_	_	_	_	@ep1984m-words#@ep1984m#246.518#246.775
759	если	_	_	_	_	_	_	_	@ep1984m-words#@ep1984m#246.775#247.032
760	его	_	_	_	_	_	_	_	@ep1984m-words#@ep1984m#247.032#247.289
761	не	_	_	_	_	_	_	_	@ep1984m-words#@ep1984m#247.289#247.546
762	существует	_	_	_	_	_	_	_	@ep1984m-words#@ep1984m#247.546#247.81
763	ну	_	_	_	_	_	_	_	@ep1984m-words#@ep1984m#250.45#250.892
764	так	_	_	_	_	_	_	_	@ep1984m-words#@ep1984m#250.892#251.334
765	а	_	_	_	_	_	_	_	@ep1984m-words#@ep1984m#251.334#251.776
766	[нрзб]	_	_	_	_	_	_	_	@ep1984m-words#@ep1984m#251.776#252.218
767	прости	_	_	_	_	_	_	_	@ep1984m-words#@ep1984m#252.218#252.66
768	меня	_	_	_	_	_	_	_	@ep1984m-words#@ep1984m#252.66#253.102
769	но	_	_	_	_	_	_	_	@ep1984m-words#@ep1984m#253.102#253.544
770	как	_	_	_	_	_	_	_	@ep1984m-words#@ep1984m#253.544#253.986
771	бы	_	_	_	_	_	_	_	@ep1984m-words#@ep1984m#253.986#254.428
772	[нрзб]	_	_	_	_	_	_	_	@ep1984m-words#@ep1984m#254.428#254.87
773	п...	_	_	_	_	_	_	_	@ep1984m-words#@ep1984m#256.69#256.933
774	п...	_	_	_	_	_	_	_	@ep1984m-words#@ep1984m#256.933#257.176
775	п...	_	_	_	_	_	_	_	@ep1984m-words#@ep1984m#257.176#257.419
776	прости	_	_	_	_	_	_	_	@ep1984m-words#@ep1984m#257.419#257.662
777	как	_	_	_	_	_	_	_	@ep1984m-words#@ep1984m#257.662#257.905
778	бы	_	_	_	_	_	_	_	@ep1984m-words#@ep1984m#257.905#258.148
779	/	_	_	_	_	_	_	_	@ep1984m-words#@ep1984m#258.148#258.391
780	поддерживать	_	_	_	_	_	_	_	@ep1984m-words#@ep1984m#258.391#258.634
781	русский	_	_	_	_	_	_	_	@ep1984m-words#@ep1984m#258.634#258.877
782	народ	_	_	_	_	_	_	_	@ep1984m-words#@ep1984m#258.877#259.12
783	на	_	_	_	_	_	_	_	@ep1984m-words#@ep1984m#259.12#259.363
784	Украине	_	_	_	_	_	_	_	@ep1984m-words#@ep1984m#259.363#259.606
785	очень	_	_	_	_	_	_	_	@ep1984m-words#@ep1984m#259.606#259.849
786	просто	_	_	_	_	_	_	_	@ep1984m-words#@ep1984m#259.849#260.092
787	надо	_	_	_	_	_	_	_	@ep1984m-words#@ep1984m#260.092#260.335
788	выступать	_	_	_	_	_	_	_	@ep1984m-words#@ep1984m#260.335#260.578
789	за	_	_	_	_	_	_	_	@ep1984m-words#@ep1984m#260.578#260.821
790	ликвидацию	_	_	_	_	_	_	_	@ep1984m-words#@ep1984m#260.821#261.064
791	Украины	_	_	_	_	_	_	_	@ep1984m-words#@ep1984m#261.064#261.31
792	тогда	_	_	_	_	_	_	_	@ep1984m-words#@ep1984m#261.31#261.566
793	русский	_	_	_	_	_	_	_	@ep1984m-words#@ep1984m#261.566#261.822
794	народ	_	_	_	_	_	_	_	@ep1984m-words#@ep1984m#261.822#262.078
795	живущий	_	_	_	_	_	_	_	@ep1984m-words#@ep1984m#262.078#262.334
796	на	_	_	_	_	_	_	_	@ep1984m-words#@ep1984m#262.334#262.59
797	Украине	_	_	_	_	_	_	_	@ep1984m-words#@ep1984m#262.59#262.846
798	начнёт	_	_	_	_	_	_	_	@ep1984m-words#@ep1984m#262.846#263.102
799	жить	_	_	_	_	_	_	_	@ep1984m-words#@ep1984m#263.102#263.358
800	очень	_	_	_	_	_	_	_	@ep1984m-words#@ep1984m#263.358#263.614
801	хорошо	_	_	_	_	_	_	_	@ep1984m-words#@ep1984m#263.614#263.87
802	#одновременно#	_	_	_	_	_	_	_	@ep1984m-words#@ep1984m#264.99#265.226
803	потому	_	_	_	_	_	_	_	@ep1984m-words#@ep1984m#265.226#265.462
804	что	_	_	_	_	_	_	_	@ep1984m-words#@ep1984m#265.462#265.7
805	ззз...	_	_	_	_	_	_	_	@ep1984m-words#@ep1984m#270.79#271.28
806	#одновременно#	_	_	_	_	_	_	_	@ep1984m-words#@ep1984m#274.11#274.61
807	[нрзб]	_	_	_	_	_	_	_	@ep1984m-words#@ep1984m#274.61#275.11
808	зачем	_	_	_	_	_	_	_	@ep1984m-words#@ep1984m#275.11#275.652
809	белых-то	_	_	_	_	_	_	_	@ep1984m-words#@ep1984m#275.652#276.194
810	людей	_	_	_	_	_	_	_	@ep1984m-words#@ep1984m#276.194#276.736
811	с	_	_	_	_	_	_	_	@ep1984m-words#@ep1984m#276.736#277.278
812	Сомали	_	_	_	_	_	_	_	@ep1984m-words#@ep1984m#277.278#277.82
813	/	_	_	_	_	_	_	_	@ep1984m-words#@ep1984m#277.82#278.362
814	эвакуировать	_	_	_	_	_	_	_	@ep1984m-words#@ep1984m#278.362#278.904
815	правильно	_	_	_	_	_	_	_	@ep1984m-words#@ep1984m#278.904#279.446
816	[нрзб]	_	_	_	_	_	_	_	@ep1984m-words#@ep1984m#279.446#279.988
817	живут	_	_	_	_	_	_	_	@ep1984m-words#@ep1984m#279.988#280.53
818	эвакуировать	_	_	_	_	_	_	_	@ep1984m-words#@ep1984m#280.99#281.299
819	в	_	_	_	_	_	_	_	@ep1984m-words#@ep1984m#281.299#281.608
820	Россию	_	_	_	_	_	_	_	@ep1984m-words#@ep1984m#281.608#281.917
821	посредством	_	_	_	_	_	_	_	@ep1984m-words#@ep1984m#281.917#282.226
822	передвижения	_	_	_	_	_	_	_	@ep1984m-words#@ep1984m#282.226#282.535
823	к	_	_	_	_	_	_	_	@ep1984m-words#@ep1984m#282.535#282.844
824	ним	_	_	_	_	_	_	_	@ep1984m-words#@ep1984m#282.844#283.153
825	России	_	_	_	_	_	_	_	@ep1984m-words#@ep1984m#283.153#283.462
826	/	_	_	_	_	_	_	_	@ep1984m-words#@ep1984m#283.462#283.771
827	ну	_	_	_	_	_	_	_	@ep1984m-words#@ep1984m#283.771#284.08
828	это	_	_	_	_	_	_	_	@ep1984m-words#@ep1984m#284.08#284.389
829	очень	_	_	_	_	_	_	_	@ep1984m-words#@ep1984m#284.389#284.698
830	просто	_	_	_	_	_	_	_	@ep1984m-words#@ep1984m#284.698#285.01
831	нет	_	_	_	_	_	_	_	@ep1984m-words#@ep1984m#287.15#287.89
832	политически	_	_	_	_	_	_	_	@ep1984m-words#@ep1984m#288.87#289.37
833	нет	_	_	_	_	_	_	_	@ep1984m-words#@ep1984m#289.37#289.87
834	с	_	_	_	_	_	_	_	@ep1984m-words#@ep1984m#289.87#290.122
835	точки	_	_	_	_	_	_	_	@ep1984m-words#@ep1984m#290.122#290.374
836	зрения	_	_	_	_	_	_	_	@ep1984m-words#@ep1984m#290.374#290.626
837	же	_	_	_	_	_	_	_	@ep1984m-words#@ep1984m#290.626#290.878
838	уровня	_	_	_	_	_	_	_	@ep1984m-words#@ep1984m#290.878#291.13
839	жизни	_	_	_	_	_	_	_	@ep1984m-words#@ep1984m#291.13#291.382
840	/	_	_	_	_	_	_	_	@ep1984m-words#@ep1984m#291.382#291.634
841	российский	_	_	_	_	_	_	_	@ep1984m-words#@ep1984m#291.634#291.886
842	подушевой	_	_	_	_	_	_	_	@ep1984m-words#@ep1984m#291.886#292.138
843	ВВП	_	_	_	_	_	_	_	@ep1984m-words#@ep1984m#292.138#292.39
844	в	_	_	_	_	_	_	_	@ep1984m-words#@ep1984m#292.39#292.642
845	три	_	_	_	_	_	_	_	@ep1984m-words#@ep1984m#292.642#292.894
846	или	_	_	_	_	_	_	_	@ep1984m-words#@ep1984m#292.894#293.146
847	даже	_	_	_	_	_	_	_	@ep1984m-words#@ep1984m#293.146#293.398
848	уже	_	_	_	_	_	_	_	@ep1984m-words#@ep1984m#293.398#293.65
849	в	_	_	_	_	_	_	_	@ep1984m-words#@ep1984m#293.65#293.902
850	четыре	_	_	_	_	_	_	_	@ep1984m-words#@ep1984m#293.902#294.154
851	раза	_	_	_	_	_	_	_	@ep1984m-words#@ep1984m#294.154#294.406
852	выше	_	_	_	_	_	_	_	@ep1984m-words#@ep1984m#294.406#294.658
853	укрАинского	_	_	_	_	_	_	_	@ep1984m-words#@ep1984m#294.658#294.91
854	/	_	_	_	_	_	_	_	@ep1984m-words#@ep1984m#294.91#295.162
855	это	_	_	_	_	_	_	_	@ep1984m-words#@ep1984m#295.162#295.414
856	ну	_	_	_	_	_	_	_	@ep1984m-words#@ep1984m#295.414#295.666
857	просто	_	_	_	_	_	_	_	@ep1984m-words#@ep1984m#295.666#295.918
858	несравнимые	_	_	_	_	_	_	_	@ep1984m-words#@ep1984m#295.918#296.17
859	величИны	_	_	_	_	_	_	_	@ep1984m-words#@ep1984m#296.17#296.44
860	то	_	_	_	_	_	_	_	@ep1984m-words#@ep1984m#296.44#296.726
861	есть	_	_	_	_	_	_	_	@ep1984m-words#@ep1984m#296.726#297.012
862	вы	_	_	_	_	_	_	_	@ep1984m-words#@ep1984m#297.012#297.298
863	выступаете	_	_	_	_	_	_	_	@ep1984m-words#@ep1984m#297.298#297.584
864	за	_	_	_	_	_	_	_	@ep1984m-words#@ep1984m#297.584#297.87
865	то	_	_	_	_	_	_	_	@ep1984m-words#@ep1984m#297.87#298.156
866	что	_	_	_	_	_	_	_	@ep1984m-words#@ep1984m#298.156#298.442
867	вот	_	_	_	_	_	_	_	@ep1984m-words#@ep1984m#298.442#298.728
868	надо	_	_	_	_	_	_	_	@ep1984m-words#@ep1984m#298.728#299.014
869	/	_	_	_	_	_	_	_	@ep1984m-words#@ep1984m#299.014#299.3
870	и	_	_	_	_	_	_	_	@ep1984m-words#@ep1984m#299.3#299.586
871	дальше	_	_	_	_	_	_	_	@ep1984m-words#@ep1984m#299.586#299.872
872	русских	_	_	_	_	_	_	_	@ep1984m-words#@ep1984m#299.872#300.158
873	держать	_	_	_	_	_	_	_	@ep1984m-words#@ep1984m#300.158#300.444
874	в	_	_	_	_	_	_	_	@ep1984m-words#@ep1984m#300.444#300.73
875	какой-то	_	_	_	_	_	_	_	@ep1984m-words#@ep1984m#300.73#301.016
876	ебучей	_	_	_	_	_	_	_	@ep1984m-words#@ep1984m#301.016#301.302
877	восточноевропейской	_	_	_	_	_	_	_	@ep1984m-words#@ep1984m#301.302#301.588
878	Африке	_	_	_	_	_	_	_	@ep1984m-words#@ep1984m#301.588#301.88
879	#одновременно#	_	_	_	_	_	_	_	@ep1984m-words#@ep1984m#306.61#306.81
880	сосать	_	_	_	_	_	_	_	@ep1984m-words#@ep1984m#306.81#307.01
881	хуй	_	_	_	_	_	_	_	@ep1984m-words#@ep1984m#307.01#307.21
882	и	_	_	_	_	_	_	_	@ep1984m-words#@ep1984m#307.67#307.946
883	сосать	_	_	_	_	_	_	_	@ep1984m-words#@ep1984m#307.946#308.222
884	хуй	_	_	_	_	_	_	_	@ep1984m-words#@ep1984m#308.222#308.5
885	#одновременно#	_	_	_	_	_	_	_	@ep1984m-words#@ep1984m#309.58#310.08
886	[нрзб]	_	_	_	_	_	_	_	@ep1984m-words#@ep1984m#310.08#310.58
887	вы	_	_	_	_	_	_	_	@ep1984m-words#@ep1984m#321.19#321.663
888	сейчас	_	_	_	_	_	_	_	@ep1984m-words#@ep1984m#321.663#322.136
889	пытаетесь	_	_	_	_	_	_	_	@ep1984m-words#@ep1984m#322.136#322.609
890	мне	_	_	_	_	_	_	_	@ep1984m-words#@ep1984m#322.609#323.082
891	утверждать	_	_	_	_	_	_	_	@ep1984m-words#@ep1984m#323.082#323.555
892	/	_	_	_	_	_	_	_	@ep1984m-words#@ep1984m#323.555#324.028
893	что	_	_	_	_	_	_	_	@ep1984m-words#@ep1984m#324.028#324.501
894	разваливающийся	_	_	_	_	_	_	_	@ep1984m-words#@ep1984m#324.501#324.974
895	олигархический	_	_	_	_	_	_	_	@ep1984m-words#@ep1984m#324.974#325.447
896	failed	_	_	_	_	_	_	_	@ep1984m-words#@ep1984m#325.447#325.92
897	state	_	_	_	_	_	_	_	@ep1984m-words#@ep1984m#325.92#326.393
898	лучше	_	_	_	_	_	_	_	@ep1984m-words#@ep1984m#326.393#326.866
899	/	_	_	_	_	_	_	_	@ep1984m-words#@ep1984m#326.866#327.339
900	авторитарной	_	_	_	_	_	_	_	@ep1984m-words#@ep1984m#327.339#327.812
901	неосоветской	_	_	_	_	_	_	_	@ep1984m-words#@ep1984m#327.812#328.285
902	диктатуры	_	_	_	_	_	_	_	@ep1984m-words#@ep1984m#328.285#328.77
903	чем	_	_	_	_	_	_	_	@ep1984m-words#@ep1984m#330.75#331.66
904	ну...	_	_	_	_	_	_	_	@ep1984m-words#@ep1984m#335.19#335.752
905	[нрзб]	_	_	_	_	_	_	_	@ep1984m-words#@ep1984m#335.752#336.314
906	прости	_	_	_	_	_	_	_	@ep1984m-words#@ep1984m#336.314#336.876
907	меня	_	_	_	_	_	_	_	@ep1984m-words#@ep1984m#336.876#337.438
908	[нрзб]	_	_	_	_	_	_	_	@ep1984m-words#@ep1984m#337.438#338.0
909	#одновременно#	_	_	_	_	_	_	_	@ep1984m-words#@ep1984m#341.94#342.153
910	ну	_	_	_	_	_	_	_	@ep1984m-words#@ep1984m#342.153#342.366
911	да	_	_	_	_	_	_	_	@ep1984m-words#@ep1984m#342.366#342.579
912	там	_	_	_	_	_	_	_	@ep1984m-words#@ep1984m#342.579#342.792
913	просто	_	_	_	_	_	_	_	@ep1984m-words#@ep1984m#342.792#343.005
914	/	_	_	_	_	_	_	_	@ep1984m-words#@ep1984m#343.005#343.218
915	есть	_	_	_	_	_	_	_	@ep1984m-words#@ep1984m#343.218#343.431
916	как	_	_	_	_	_	_	_	@ep1984m-words#@ep1984m#343.431#343.644
917	[нрзб]	_	_	_	_	_	_	_	@ep1984m-words#@ep1984m#343.644#343.86
918	ну	_	_	_	_	_	_	_	@ep1984m-words#@ep1984m#345.57#345.914
919	да	_	_	_	_	_	_	_	@ep1984m-words#@ep1984m#345.914#346.258
920	там	_	_	_	_	_	_	_	@ep1984m-words#@ep1984m#346.258#346.602
921	просто	_	_	_	_	_	_	_	@ep1984m-words#@ep1984m#346.602#346.946
922	/	_	_	_	_	_	_	_	@ep1984m-words#@ep1984m#346.946#347.29
923	есть	_	_	_	_	_	_	_	@ep1984m-words#@ep1984m#347.29#347.634
924	как	_	_	_	_	_	_	_	@ep1984m-words#@ep1984m#347.634#347.978
925	бы	_	_	_	_	_	_	_	@ep1984m-words#@ep1984m#347.978#348.322
926	[нрзб]	_	_	_	_	_	_	_	@ep1984m-words#@ep1984m#348.322#348.67
927	да	_	_	_	_	_	_	_	@ms1985m-words#@mp1985m#21.12#21.391
928	пожалуйста	_	_	_	_	_	_	_	@ms1985m-words#@mp1985m#21.391#21.662
929	я	_	_	_	_	_	_	_	@ms1985m-words#@mp1985m#21.662#21.933
930	это	_	_	_	_	_	_	_	@ms1985m-words#@mp1985m#21.933#22.204
931	оставлю	_	_	_	_	_	_	_	@ms1985m-words#@mp1985m#22.204#22.475
932	в	_	_	_	_	_	_	_	@ms1985m-words#@mp1985m#22.475#22.746
933	финальном	_	_	_	_	_	_	_	@ms1985m-words#@mp1985m#22.746#23.017
934	кате	_	_	_	_	_	_	_	@ms1985m-words#@mp1985m#23.017#23.29
935	нет	_	_	_	_	_	_	_	@ms1985m-words#@mp1985m#40.83#41.144
936	/	_	_	_	_	_	_	_	@ms1985m-words#@mp1985m#41.144#41.458
937	каких	_	_	_	_	_	_	_	@ms1985m-words#@mp1985m#41.458#41.772
938	активных	_	_	_	_	_	_	_	@ms1985m-words#@mp1985m#41.772#42.086
939	перемен	_	_	_	_	_	_	_	@ms1985m-words#@mp1985m#42.086#42.4
940	/	_	_	_	_	_	_	_	@ms1985m-words#@mp1985m#42.4#42.714
941	мы	_	_	_	_	_	_	_	@ms1985m-words#@mp1985m#42.714#43.028
942	не	_	_	_	_	_	_	_	@ms1985m-words#@mp1985m#43.028#43.342
943	говорим	_	_	_	_	_	_	_	@ms1985m-words#@mp1985m#43.342#43.656
944	об	_	_	_	_	_	_	_	@ms1985m-words#@mp1985m#43.656#43.97
945	активных	_	_	_	_	_	_	_	@ms1985m-words#@mp1985m#43.97#44.284
946	переменах	_	_	_	_	_	_	_	@ms1985m-words#@mp1985m#44.284#44.598
947	/	_	_	_	_	_	_	_	@ms1985m-words#@mp1985m#44.598#44.912
948	мы	_	_	_	_	_	_	_	@ms1985m-words#@mp1985m#44.912#45.226
949	говорим	_	_	_	_	_	_	_	@ms1985m-words#@mp1985m#45.226#45.54
950	о	_	_	_	_	_	_	_	@ms1985m-words#@mp1985m#45.54#45.854
951	начавшихся	_	_	_	_	_	_	_	@ms1985m-words#@mp1985m#45.854#46.168
952	военных	_	_	_	_	_	_	_	@ms1985m-words#@mp1985m#46.168#46.482
953	действиях	_	_	_	_	_	_	_	@ms1985m-words#@mp1985m#46.482#46.796
954	/	_	_	_	_	_	_	_	@ms1985m-words#@mp1985m#46.796#47.11
955	которые	_	_	_	_	_	_	_	@ms1985m-words#@mp1985m#47.11#47.424
956	спровоцировала	_	_	_	_	_	_	_	@ms1985m-words#@mp1985m#47.424#47.738
957	российская	_	_	_	_	_	_	_	@ms1985m-words#@mp1985m#47.738#48.052
958	сторона	_	_	_	_	_	_	_	@ms1985m-words#@mp1985m#48.052#48.38
959	не	_	_	_	_	_	_	_	@ms1985m-words#@mp1985m#55.02#55.295
960	гражданская	_	_	_	_	_	_	_	@ms1985m-words#@mp1985m#55.295#55.57
961	/	_	_	_	_	_	_	_	@ms1985m-words#@mp1985m#55.57#55.845
962	а	_	_	_	_	_	_	_	@ms1985m-words#@mp1985m#55.845#56.12
963	захватническая	_	_	_	_	_	_	_	@ms1985m-words#@mp1985m#56.12#56.395
964	/	_	_	_	_	_	_	_	@ms1985m-words#@mp1985m#56.395#56.67
965	давай	_	_	_	_	_	_	_	@ms1985m-words#@mp1985m#56.67#56.945
966	своими	_	_	_	_	_	_	_	@ms1985m-words#@mp1985m#56.945#57.22
967	именами	_	_	_	_	_	_	_	@ms1985m-words#@mp1985m#57.22#57.5
968	давай	_	_	_	_	_	_	_	@ms1985m-words#@mp1985m#91.88#92.238
969	мы	_	_	_	_	_	_	_	@ms1985m-words#@mp1985m#92.238#92.596
970	не	_	_	_	_	_	_	_	@ms1985m-words#@mp1985m#92.596#92.954
971	будем	_	_	_	_	_	_	_	@ms1985m-words#@mp1985m#92.954#93.312
972	защищать	_	_	_	_	_	_	_	@ms1985m-words#@mp1985m#93.312#93.67
973	конституцию	_	_	_	_	_	_	_	@ms1985m-words#@mp1985m#93.67#94.028
974	которая	_	_	_	_	_	_	_	@ms1985m-words#@mp1985m#94.028#94.386
975	была	_	_	_	_	_	_	_	@ms1985m-words#@mp1985m#94.386#94.744
976	непонятно	_	_	_	_	_	_	_	@ms1985m-words#@mp1985m#94.744#95.102
977	кем	_	_	_	_	_	_	_	@ms1985m-words#@mp1985m#95.102#95.46
978	написана	_	_	_	_	_	_	_	@ms1985m-words#@mp1985m#95.46#95.82
979	кот...	_	_	_	_	_	_	_	@ms1985m-words#@mp1985m#95.82#96.4
980	кот...	_	_	_	_	_	_	_	@ms1985m-words#@mp1985m#96.4#96.98
981	нет	_	_	_	_	_	_	_	@ms1985m-words#@mp1985m#96.98#97.295
982	она	_	_	_	_	_	_	_	@ms1985m-words#@mp1985m#97.295#97.61
983	была	_	_	_	_	_	_	_	@ms1985m-words#@mp1985m#97.61#97.925
984	при...	_	_	_	_	_	_	_	@ms1985m-words#@mp1985m#97.925#98.24
985	принята	_	_	_	_	_	_	_	@ms1985m-words#@mp1985m#98.24#98.555
986	в	_	_	_	_	_	_	_	@ms1985m-words#@mp1985m#98.555#98.87
987	результате	_	_	_	_	_	_	_	@ms1985m-words#@mp1985m#98.87#99.185
988	номенклатурного	_	_	_	_	_	_	_	@ms1985m-words#@mp1985m#99.185#99.5
989	переворота	_	_	_	_	_	_	_	@ms1985m-words#@mp1985m#99.5#99.815
990	девяностых	_	_	_	_	_	_	_	@ms1985m-words#@mp1985m#99.815#100.13
991	годов	_	_	_	_	_	_	_	@ms1985m-words#@mp1985m#100.13#100.445
992	/	_	_	_	_	_	_	_	@ms1985m-words#@mp1985m#100.445#100.76
993	который	_	_	_	_	_	_	_	@ms1985m-words#@mp1985m#100.76#101.075
994	[нрзб]	_	_	_	_	_	_	_	@ms1985m-words#@mp1985m#101.075#101.39
995	произошёл	_	_	_	_	_	_	_	@ms1985m-words#@mp1985m#101.39#101.705
996	как	_	_	_	_	_	_	_	@ms1985m-words#@mp1985m#101.705#102.02
997	в	_	_	_	_	_	_	_	@ms1985m-words#@mp1985m#102.02#102.335
998	России	_	_	_	_	_	_	_	@ms1985m-words#@mp1985m#102.335#102.65
999	/	_	_	_	_	_	_	_	@ms1985m-words#@mp1985m#102.65#102.965
1000	так	_	_	_	_	_	_	_	@ms1985m-words#@mp1985m#102.965#103.28
1001	и	_	_	_	_	_	_	_	@ms1985m-words#@mp1985m#103.28#103.595
1002	на	_	_	_	_	_	_	_	@ms1985m-words#@mp1985m#103.595#103.91
1003	Украине	_	_	_	_	_	_	_	@ms1985m-words#@mp1985m#103.91#104.225
1004	/	_	_	_	_	_	_	_	@ms1985m-words#@mp1985m#104.225#104.54
1005	абсолютно	_	_	_	_	_	_	_	@ms1985m-words#@mp1985m#104.54#104.855
1006	филькина	_	_	_	_	_	_	_	@ms1985m-words#@mp1985m#104.855#105.17
1007	грамота	_	_	_	_	_	_	_	@ms1985m-words#@mp1985m#105.17#105.485
1008	в	_	_	_	_	_	_	_	@ms1985m-words#@mp1985m#105.485#105.8
1009	обоих	_	_	_	_	_	_	_	@ms1985m-words#@mp1985m#105.8#106.115
1010	случаях	_	_	_	_	_	_	_	@ms1985m-words#@mp1985m#106.115#106.44
1011	все	_	_	_	_	_	_	_	@ms1985m-words#@mp1985m#106.44#106.754
1012	как	_	_	_	_	_	_	_	@ms1985m-words#@mp1985m#106.754#107.068
1013	есть	_	_	_	_	_	_	_	@ms1985m-words#@mp1985m#107.068#107.382
1014	покажем	_	_	_	_	_	_	_	@ms1985m-words#@mp1985m#107.382#107.696
1015	/	_	_	_	_	_	_	_	@ms1985m-words#@mp1985m#107.696#108.01
1016	и	_	_	_	_	_	_	_	@ms1985m-words#@mp1985m#108.01#108.324
1017	покажем	_	_	_	_	_	_	_	@ms1985m-words#@mp1985m#108.324#108.638
1018	в	_	_	_	_	_	_	_	@ms1985m-words#@mp1985m#108.638#108.952
1019	частности	_	_	_	_	_	_	_	@ms1985m-words#@mp1985m#108.952#109.266
1020	/	_	_	_	_	_	_	_	@ms1985m-words#@mp1985m#109.266#109.58
1021	что	_	_	_	_	_	_	_	@ms1985m-words#@mp1985m#109.58#109.894
1022	Егор	_	_	_	_	_	_	_	@ms1985m-words#@mp1985m#109.894#110.208
1023	Просвирнин	_	_	_	_	_	_	_	@ms1985m-words#@mp1985m#110.208#110.522
1024	сейчас	_	_	_	_	_	_	_	@ms1985m-words#@mp1985m#110.522#110.836
1025	апеллирует	_	_	_	_	_	_	_	@ms1985m-words#@mp1985m#110.836#111.15
1026	к...	_	_	_	_	_	_	_	@ms1985m-words#@mp1985m#111.15#111.464
1027	к	_	_	_	_	_	_	_	@ms1985m-words#@mp1985m#111.464#111.778
1028	зак...	_	_	_	_	_	_	_	@ms1985m-words#@mp1985m#111.778#112.092
1029	к	_	_	_	_	_	_	_	@ms1985m-words#@mp1985m#112.092#112.406
1030	закону	_	_	_	_	_	_	_	@ms1985m-words#@mp1985m#112.406#112.72
1031	написанному	_	_	_	_	_	_	_	@ms1985m-words#@mp1985m#112.72#113.034
1032	правящим	_	_	_	_	_	_	_	@ms1985m-words#@mp1985m#113.034#113.348
1033	классом	_	_	_	_	_	_	_	@ms1985m-words#@mp1985m#113.348#113.662
1034	для	_	_	_	_	_	_	_	@ms1985m-words#@mp1985m#113.662#113.976
1035	русского	_	_	_	_	_	_	_	@ms1985m-words#@mp1985m#113.976#114.29
1036	народа	_	_	_	_	_	_	_	@ms1985m-words#@mp1985m#114.29#114.604
1037	как	_	_	_	_	_	_	_	@ms1985m-words#@mp1985m#114.604#114.918
1038	к	_	_	_	_	_	_	_	@ms1985m-words#@mp1985m#114.918#115.232
1039	легитимной	_	_	_	_	_	_	_	@ms1985m-words#@mp1985m#115.232#115.546
1040	власти	_	_	_	_	_	_	_	@ms1985m-words#@mp1985m#115.546#115.86
1041	над	_	_	_	_	_	_	_	@ms1985m-words#@mp1985m#115.86#116.174
1042	этим	_	_	_	_	_	_	_	@ms1985m-words#@mp1985m#116.174#116.488
1043	народом	_	_	_	_	_	_	_	@ms1985m-words#@mp1985m#116.488#116.81
1044	#одновременно#	_	_	_	_	_	_	_	@ms1985m-words#@mp1985m#116.81#116.935
1045	вот	_	_	_	_	_	_	_	@ms1985m-words#@mp1985m#116.935#117.06
1046	/	_	_	_	_	_	_	_	@ms1985m-words#@mp1985m#117.06#117.185
1047	ты	_	_	_	_	_	_	_	@ms1985m-words#@mp1985m#117.185#117.31
1048	/	_	_	_	_	_	_	_	@ms1985m-words#@mp1985m#117.31#117.435
1049	нет	_	_	_	_	_	_	_	@ms1985m-words#@mp1985m#117.435#117.56
1050	/	_	_	_	_	_	_	_	@ms1985m-words#@mp1985m#117.56#117.685
1051	по...	_	_	_	_	_	_	_	@ms1985m-words#@mp1985m#117.685#117.81
1052	тупой	_	_	_	_	_	_	_	@ms1985m-words#@mp1985m#120.75#121.118
1053	прием	_	_	_	_	_	_	_	@ms1985m-words#@mp1985m#121.118#121.486
1054	полемики	_	_	_	_	_	_	_	@ms1985m-words#@mp1985m#121.486#121.854
1055	/	_	_	_	_	_	_	_	@ms1985m-words#@mp1985m#121.854#122.222
1056	это	_	_	_	_	_	_	_	@ms1985m-words#@mp1985m#122.222#122.59
1057	когда	_	_	_	_	_	_	_	@ms1985m-words#@mp1985m#122.59#122.958
1058	ты	_	_	_	_	_	_	_	@ms1985m-words#@mp1985m#122.958#123.326
1059	/	_	_	_	_	_	_	_	@ms1985m-words#@mp1985m#123.326#123.694
1060	сидя	_	_	_	_	_	_	_	@ms1985m-words#@mp1985m#123.694#124.062
1061	на	_	_	_	_	_	_	_	@ms1985m-words#@mp1985m#124.062#124.43
1062	[нрзб]	_	_	_	_	_	_	_	@ms1985m-words#@mp1985m#124.43#124.798
1063	позициях	_	_	_	_	_	_	_	@ms1985m-words#@mp1985m#124.798#125.166
1064	/	_	_	_	_	_	_	_	@ms1985m-words#@mp1985m#125.166#125.534
1065	сейчас	_	_	_	_	_	_	_	@ms1985m-words#@mp1985m#125.534#125.902
1066	/	_	_	_	_	_	_	_	@ms1985m-words#@mp1985m#125.902#126.27
1067	предъя...	_	_	_	_	_	_	_	@ms1985m-words#@mp1985m#126.27#126.638
1068	предъявляешь	_	_	_	_	_	_	_	@ms1985m-words#@mp1985m#126.638#127.006
1069	людям	_	_	_	_	_	_	_	@ms1985m-words#@mp1985m#127.006#127.374
1070	/	_	_	_	_	_	_	_	@ms1985m-words#@mp1985m#127.374#127.742
1071	проявляешь	_	_	_	_	_	_	_	@ms1985m-words#@mp1985m#127.742#128.11
1072	людям	_	_	_	_	_	_	_	@ms1985m-words#@mp1985m#128.11#128.478
1073	соблюдение	_	_	_	_	_	_	_	@ms1985m-words#@mp1985m#128.478#128.846
1074	какого-то	_	_	_	_	_	_	_	@ms1985m-words#@mp1985m#128.846#129.214
1075	важного	_	_	_	_	_	_	_	@ms1985m-words#@mp1985m#129.214#129.582
1076	закона	_	_	_	_	_	_	_	@ms1985m-words#@mp1985m#129.582#129.96
1077	укрАинскому	_	_	_	_	_	_	_	@ms1985m-words#@mp1985m#130.25#130.602
1078	и	_	_	_	_	_	_	_	@ms1985m-words#@mp1985m#130.602#130.954
1079	русскому	_	_	_	_	_	_	_	@ms1985m-words#@mp1985m#130.954#131.306
1080	народу	_	_	_	_	_	_	_	@ms1985m-words#@mp1985m#131.306#131.658
1081	предъявляешь	_	_	_	_	_	_	_	@ms1985m-words#@mp1985m#131.658#132.01
1082	соблюдение	_	_	_	_	_	_	_	@ms1985m-words#@mp1985m#132.01#132.362
1083	важного	_	_	_	_	_	_	_	@ms1985m-words#@mp1985m#132.362#132.714
1084	закона	_	_	_	_	_	_	_	@ms1985m-words#@mp1985m#132.714#133.066
1085	/	_	_	_	_	_	_	_	@ms1985m-words#@mp1985m#133.066#133.418
1086	который	_	_	_	_	_	_	_	@ms1985m-words#@mp1985m#133.418#133.77
1087	для	_	_	_	_	_	_	_	@ms1985m-words#@mp1985m#133.77#134.122
1088	них	_	_	_	_	_	_	_	@ms1985m-words#@mp1985m#134.122#134.474
1089	написал	_	_	_	_	_	_	_	@ms1985m-words#@mp1985m#134.474#134.826
1090	тот	_	_	_	_	_	_	_	@ms1985m-words#@mp1985m#134.826#135.178
1091	самый	_	_	_	_	_	_	_	@ms1985m-words#@mp1985m#135.178#135.53
1092	деспот	_	_	_	_	_	_	_	@ms1985m-words#@mp1985m#135.53#135.882
1093	/	_	_	_	_	_	_	_	@ms1985m-words#@mp1985m#135.882#136.234
1094	который	_	_	_	_	_	_	_	@ms1985m-words#@mp1985m#136.234#136.586
1095	их	_	_	_	_	_	_	_	@ms1985m-words#@mp1985m#136.586#136.938
1096	давит	_	_	_	_	_	_	_	@ms1985m-words#@mp1985m#136.938#137.29
1097	понимаешь	_	_	_	_	_	_	_	@ms1985m-words#@mp1985m#137.29#137.642
1098	вот	_	_	_	_	_	_	_	@ms1985m-words#@mp1985m#137.642#137.994
1099	этим	_	_	_	_	_	_	_	@ms1985m-words#@mp1985m#137.994#138.346
1100	вот	_	_	_	_	_	_	_	@ms1985m-words#@mp1985m#138.346#138.698
1101	/	_	_	_	_	_	_	_	@ms1985m-words#@mp1985m#138.698#139.05
1102	бесконечным	_	_	_	_	_	_	_	@ms1985m-words#@mp1985m#139.05#139.402
1103	сапогом	_	_	_	_	_	_	_	@ms1985m-words#@mp1985m#139.402#139.78
1104	Путин	_	_	_	_	_	_	_	@ms1985m-words#@mp1985m#139.85#140.152
1105	поставил	_	_	_	_	_	_	_	@ms1985m-words#@mp1985m#140.152#140.454
1106	Януковича	_	_	_	_	_	_	_	@ms1985m-words#@mp1985m#140.454#140.756
1107	и	_	_	_	_	_	_	_	@ms1985m-words#@mp1985m#140.756#141.058
1108	с	_	_	_	_	_	_	_	@ms1985m-words#@mp1985m#141.058#141.36
1109	/	_	_	_	_	_	_	_	@ms1985m-words#@mp1985m#141.36#141.662
1110	помощью	_	_	_	_	_	_	_	@ms1985m-words#@mp1985m#141.662#141.964
1111	Януковича	_	_	_	_	_	_	_	@ms1985m-words#@mp1985m#141.964#142.266
1112	давил	_	_	_	_	_	_	_	@ms1985m-words#@mp1985m#142.266#142.568
1113	там	_	_	_	_	_	_	_	@ms1985m-words#@mp1985m#142.568#142.87
1114	как	_	_	_	_	_	_	_	@ms1985m-words#@mp1985m#142.87#143.172
1115	русский	_	_	_	_	_	_	_	@ms1985m-words#@mp1985m#143.172#143.474
1116	так	_	_	_	_	_	_	_	@ms1985m-words#@mp1985m#143.474#143.776
1117	и	_	_	_	_	_	_	_	@ms1985m-words#@mp1985m#143.776#144.078
1118	укрАинский	_	_	_	_	_	_	_	@ms1985m-words#@mp1985m#144.078#144.38
1119	народ	_	_	_	_	_	_	_	@ms1985m-words#@mp1985m#144.38#144.69
1120	сейчас	_	_	_	_	_	_	_	@ms1985m-words#@mp1985m#144.69#145.063
1121	давит	_	_	_	_	_	_	_	@ms1985m-words#@mp1985m#145.063#145.436
1122	русский	_	_	_	_	_	_	_	@ms1985m-words#@mp1985m#145.436#145.809
1123	народ	_	_	_	_	_	_	_	@ms1985m-words#@mp1985m#145.809#146.182
1124	на	_	_	_	_	_	_	_	@ms1985m-words#@mp1985m#146.182#146.555
1125	Донбассе	_	_	_	_	_	_	_	@ms1985m-words#@mp1985m#146.555#146.93
1126	#одновременно#	_	_	_	_	_	_	_	@ms1985m-words#@mp1985m#151.96#152.308
1127	прямое	_	_	_	_	_	_	_	@ms1985m-words#@mp1985m#152.308#152.656
1128	/	_	_	_	_	_	_	_	@ms1985m-words#@mp1985m#152.656#153.004
1129	прямое	_	_	_	_	_	_	_	@ms1985m-words#@mp1985m#153.004#153.352
1130	/	_	_	_	_	_	_	_	@ms1985m-words#@mp1985m#153.352#153.7
1131	что	_	_	_	_	_	_	_	@ms1985m-words#@mp1985m#153.7#154.048
1132	закон	_	_	_	_	_	_	_	@ms1985m-words#@mp1985m#154.048#154.396
1133	написан	_	_	_	_	_	_	_	@ms1985m-words#@mp1985m#154.396#154.744
1134	таким	_	_	_	_	_	_	_	@ms1985m-words#@mp1985m#154.744#155.092
1135	образом	_	_	_	_	_	_	_	@ms1985m-words#@mp1985m#155.092#155.44
1136	номенклатурным	_	_	_	_	_	_	_	@ms1985m-words#@mp1985m#155.44#155.788
1137	классом	_	_	_	_	_	_	_	@ms1985m-words#@mp1985m#155.788#156.136
1138	чтобы	_	_	_	_	_	_	_	@ms1985m-words#@mp1985m#156.136#156.484
1139	/	_	_	_	_	_	_	_	@ms1985m-words#@mp1985m#156.484#156.832
1140	лишить	_	_	_	_	_	_	_	@ms1985m-words#@mp1985m#156.832#157.18
1141	народ	_	_	_	_	_	_	_	@ms1985m-words#@mp1985m#157.18#157.528
1142	/	_	_	_	_	_	_	_	@ms1985m-words#@mp1985m#157.528#157.876
1143	чтобы	_	_	_	_	_	_	_	@ms1985m-words#@mp1985m#157.876#158.224
1144	нараши...	_	_	_	_	_	_	_	@ms1985m-words#@mp1985m#158.224#158.572
1145	лишить	_	_	_	_	_	_	_	@ms1985m-words#@mp1985m#158.572#158.92
1146	народ	_	_	_	_	_	_	_	@ms1985m-words#@mp1985m#158.92#159.268
1147	суверенитета	_	_	_	_	_	_	_	@ms1985m-words#@mp1985m#159.268#159.616
1148	и	_	_	_	_	_	_	_	@ms1985m-words#@mp1985m#159.616#159.964
1149	низвести	_	_	_	_	_	_	_	@ms1985m-words#@mp1985m#159.964#160.312
1150	/	_	_	_	_	_	_	_	@ms1985m-words#@mp1985m#160.312#160.66
1151	как	_	_	_	_	_	_	_	@ms1985m-words#@mp1985m#160.66#161.008
1152	русский	_	_	_	_	_	_	_	@ms1985m-words#@mp1985m#161.008#161.356
1153	так	_	_	_	_	_	_	_	@ms1985m-words#@mp1985m#161.356#161.704
1154	и	_	_	_	_	_	_	_	@ms1985m-words#@mp1985m#161.704#162.052
1155	украинский	_	_	_	_	_	_	_	@ms1985m-words#@mp1985m#162.052#162.4
1156	народ	_	_	_	_	_	_	_	@ms1985m-words#@mp1985m#162.4#162.748
1157	/	_	_	_	_	_	_	_	@ms1985m-words#@mp1985m#162.748#163.096
1158	низвести	_	_	_	_	_	_	_	@ms1985m-words#@mp1985m#163.096#163.444
1159	его	_	_	_	_	_	_	_	@ms1985m-words#@mp1985m#163.444#163.792
1160	до	_	_	_	_	_	_	_	@ms1985m-words#@mp1985m#163.792#164.14
1161	состояния	_	_	_	_	_	_	_	@ms1985m-words#@mp1985m#164.14#164.488
1162	вассала	_	_	_	_	_	_	_	@ms1985m-words#@mp1985m#164.488#164.836
1163	/	_	_	_	_	_	_	_	@ms1985m-words#@mp1985m#164.836#165.184
1164	а	_	_	_	_	_	_	_	@ms1985m-words#@mp1985m#165.184#165.532
1165	не	_	_	_	_	_	_	_	@ms1985m-words#@mp1985m#165.532#165.88
1166	суверена	_	_	_	_	_	_	_	@ms1985m-words#@mp1985m#165.88#166.23
1167	и	_	_	_	_	_	_	_	@ms1985m-words#@mp1985m#166.23#166.596
1168	ты	_	_	_	_	_	_	_	@ms1985m-words#@mp1985m#166.596#166.962
1169	сейчас	_	_	_	_	_	_	_	@ms1985m-words#@mp1985m#166.962#167.328
1170	отстативаешь	_	_	_	_	_	_	_	@ms1985m-words#@mp1985m#167.328#167.694
1171	позицию	_	_	_	_	_	_	_	@ms1985m-words#@mp1985m#167.694#168.06
1172	что	_	_	_	_	_	_	_	@ms1985m-words#@mp1985m#168.06#168.426
1173	народ	_	_	_	_	_	_	_	@ms1985m-words#@mp1985m#168.426#168.792
1174	/	_	_	_	_	_	_	_	@ms1985m-words#@mp1985m#168.792#169.158
1175	русский	_	_	_	_	_	_	_	@ms1985m-words#@mp1985m#169.158#169.524
1176	народ	_	_	_	_	_	_	_	@ms1985m-words#@mp1985m#169.524#169.89
1177	/	_	_	_	_	_	_	_	@ms1985m-words#@mp1985m#169.89#170.256
1178	должен	_	_	_	_	_	_	_	@ms1985m-words#@mp1985m#170.256#170.622
1179	оставаться	_	_	_	_	_	_	_	@ms1985m-words#@mp1985m#170.622#170.988
1180	вассалом	_	_	_	_	_	_	_	@ms1985m-words#@mp1985m#170.988#171.354
1181	а	_	_	_	_	_	_	_	@ms1985m-words#@mp1985m#171.354#171.72
1182	не	_	_	_	_	_	_	_	@ms1985m-words#@mp1985m#171.72#172.086
1183	сувереном	_	_	_	_	_	_	_	@ms1985m-words#@mp1985m#172.086#172.46
1184	в	_	_	_	_	_	_	_	@ms1985m-words#@mp1985m#190.57#190.825
1185	России	_	_	_	_	_	_	_	@ms1985m-words#@mp1985m#190.825#191.08
1186	[нрзб]	_	_	_	_	_	_	_	@ms1985m-words#@mp1985m#191.08#191.335
1187	как	_	_	_	_	_	_	_	@ms1985m-words#@mp1985m#191.335#191.59
1188	в	_	_	_	_	_	_	_	@ms1985m-words#@mp1985m#191.59#191.845
1189	России	_	_	_	_	_	_	_	@ms1985m-words#@mp1985m#191.845#192.1
1190	так	_	_	_	_	_	_	_	@ms1985m-words#@mp1985m#192.1#192.355
1191	и	_	_	_	_	_	_	_	@ms1985m-words#@mp1985m#192.355#192.61
1192	на	_	_	_	_	_	_	_	@ms1985m-words#@mp1985m#192.61#192.865
1193	Украине	_	_	_	_	_	_	_	@ms1985m-words#@mp1985m#192.865#193.12
1194	да	_	_	_	_	_	_	_	@ms1985m-words#@mp1985m#193.12#193.38
1195	в	_	_	_	_	_	_	_	@ms1985m-words#@mp1985m#193.82#194.222
1196	постсоветских	_	_	_	_	_	_	_	@ms1985m-words#@mp1985m#194.222#194.624
1197	странах	_	_	_	_	_	_	_	@ms1985m-words#@mp1985m#194.624#195.026
1198	однозначно	_	_	_	_	_	_	_	@ms1985m-words#@mp1985m#195.026#195.43
1199	#одновременно#	_	_	_	_	_	_	_	@ms1985m-words#@mp1985m#195.43#195.68
1200	то	_	_	_	_	_	_	_	@ms1985m-words#@mp1985m#195.68#195.93
1201	же	_	_	_	_	_	_	_	@ms1985m-words#@mp1985m#195.93#196.18
1202	самое	_	_	_	_	_	_	_	@ms1985m-words#@mp1985m#196.18#196.43
1203	как	_	_	_	_	_	_	_	@ms1985m-words#@mp1985m#202.39#202.657
1204	и	_	_	_	_	_	_	_	@ms1985m-words#@mp1985m#202.657#202.924
1205	Российская	_	_	_	_	_	_	_	@ms1985m-words#@mp1985m#202.924#203.191
1206	Федерация	_	_	_	_	_	_	_	@ms1985m-words#@mp1985m#203.191#203.46
1207	нет	_	_	_	_	_	_	_	@ms1985m-words#@mp1985m#205.66#205.998
1208	я	_	_	_	_	_	_	_	@ms1985m-words#@mp1985m#205.998#206.336
1209	пересказываю	_	_	_	_	_	_	_	@ms1985m-words#@mp1985m#206.336#206.674
1210	тебе	_	_	_	_	_	_	_	@ms1985m-words#@mp1985m#206.674#207.012
1211	щас	_	_	_	_	_	_	_	@ms1985m-words#@mp1985m#207.012#207.35
1212	#одновременно#	_	_	_	_	_	_	_	@ms1985m-words#@mp1985m#212.52#212.784
1213	нет	_	_	_	_	_	_	_	@ms1985m-words#@mp1985m#212.784#213.048
1214	[нрзб]	_	_	_	_	_	_	_	@ms1985m-words#@mp1985m#213.048#213.312
1215	нет	_	_	_	_	_	_	_	@ms1985m-words#@mp1985m#213.312#213.576
1216	/	_	_	_	_	_	_	_	@ms1985m-words#@mp1985m#213.576#213.84
1217	никакого	_	_	_	_	_	_	_	@ms1985m-words#@mp1985m#213.84#214.104
1218	права	_	_	_	_	_	_	_	@ms1985m-words#@mp1985m#214.104#214.368
1219	на	_	_	_	_	_	_	_	@ms1985m-words#@mp1985m#214.368#214.632
1220	существование	_	_	_	_	_	_	_	@ms1985m-words#@mp1985m#214.632#214.896
1221	не	_	_	_	_	_	_	_	@ms1985m-words#@mp1985m#214.896#215.16
1222	имеет	_	_	_	_	_	_	_	@ms1985m-words#@mp1985m#215.16#215.424
1223	путинская	_	_	_	_	_	_	_	@ms1985m-words#@mp1985m#215.424#215.688
1224	Россия	_	_	_	_	_	_	_	@ms1985m-words#@mp1985m#215.688#215.952
1225	/	_	_	_	_	_	_	_	@ms1985m-words#@mp1985m#215.952#216.216
1226	давай	_	_	_	_	_	_	_	@ms1985m-words#@mp1985m#216.216#216.48
1227	начнем	_	_	_	_	_	_	_	@ms1985m-words#@mp1985m#216.48#216.744
1228	вот	_	_	_	_	_	_	_	@ms1985m-words#@mp1985m#216.744#217.008
1229	с	_	_	_	_	_	_	_	@ms1985m-words#@mp1985m#217.008#217.272
1230	этого	_	_	_	_	_	_	_	@ms1985m-words#@mp1985m#217.272#217.536
1231	/	_	_	_	_	_	_	_	@ms1985m-words#@mp1985m#217.536#217.8
1232	да	_	_	_	_	_	_	_	@ms1985m-words#@mp1985m#217.8#218.064
1233	/	_	_	_	_	_	_	_	@ms1985m-words#@mp1985m#218.064#218.328
1234	вот	_	_	_	_	_	_	_	@ms1985m-words#@mp1985m#218.328#218.61
1235	я	_	_	_	_	_	_	_	@ms1985m-words#@mp1985m#219.86#220.14
1236	/	_	_	_	_	_	_	_	@ms1985m-words#@mp1985m#220.14#220.42
1237	слушай	_	_	_	_	_	_	_	@ms1985m-words#@mp1985m#220.42#220.7
1238	/	_	_	_	_	_	_	_	@ms1985m-words#@mp1985m#220.7#220.98
1239	меня	_	_	_	_	_	_	_	@ms1985m-words#@mp1985m#220.98#221.26
1240	в	_	_	_	_	_	_	_	@ms1985m-words#@mp1985m#221.26#221.54
1241	/	_	_	_	_	_	_	_	@ms1985m-words#@mp1985m#221.54#221.82
1242	меня	_	_	_	_	_	_	_	@ms1985m-words#@mp1985m#221.82#222.1
1243	в	_	_	_	_	_	_	_	@ms1985m-words#@mp1985m#222.1#222.38
1244	ситуации	_	_	_	_	_	_	_	@ms1985m-words#@mp1985m#222.38#222.66
1245	[нрзб]	_	_	_	_	_	_	_	@ms1985m-words#@mp1985m#222.66#222.95
1246	не...	_	_	_	_	_	_	_	@ms1985m-words#@mp1985m#223.28#223.544
1247	да	_	_	_	_	_	_	_	@ms1985m-words#@mp1985m#223.544#223.808
1248	/	_	_	_	_	_	_	_	@ms1985m-words#@mp1985m#223.808#224.072
1249	да	_	_	_	_	_	_	_	@ms1985m-words#@mp1985m#224.072#224.336
1250	/	_	_	_	_	_	_	_	@ms1985m-words#@mp1985m#224.336#224.6
1251	хорошо	_	_	_	_	_	_	_	@ms1985m-words#@mp1985m#224.6#224.864
1252	/	_	_	_	_	_	_	_	@ms1985m-words#@mp1985m#224.864#225.128
1253	мы	_	_	_	_	_	_	_	@ms1985m-words#@mp1985m#225.128#225.392
1254	с	_	_	_	_	_	_	_	@ms1985m-words#@mp1985m#225.392#225.656
1255	тобой	_	_	_	_	_	_	_	@ms1985m-words#@mp1985m#225.656#225.92
1256	говорим	_	_	_	_	_	_	_	@ms1985m-words#@mp1985m#225.92#226.184
1257	про	_	_	_	_	_	_	_	@ms1985m-words#@mp1985m#226.184#226.448
1258	ра...	_	_	_	_	_	_	_	@ms1985m-words#@mp1985m#226.448#226.712
1259	русский	_	_	_	_	_	_	_	@ms1985m-words#@mp1985m#226.712#226.976
1260	национализм	_	_	_	_	_	_	_	@ms1985m-words#@mp1985m#226.976#227.24
1261	/	_	_	_	_	_	_	_	@ms1985m-words#@mp1985m#227.24#227.504
1262	а	_	_	_	_	_	_	_	@ms1985m-words#@mp1985m#227.504#227.768
1263	не	_	_	_	_	_	_	_	@ms1985m-words#@mp1985m#227.768#228.032
1264	про	_	_	_	_	_	_	_	@ms1985m-words#@mp1985m#228.032#228.296
1265	Украину	_	_	_	_	_	_	_	@ms1985m-words#@mp1985m#228.296#228.56
1266	/	_	_	_	_	_	_	_	@ms1985m-words#@mp1985m#228.56#228.824
1267	черт	_	_	_	_	_	_	_	@ms1985m-words#@mp1985m#228.824#229.088
1268	бы	_	_	_	_	_	_	_	@ms1985m-words#@mp1985m#229.088#229.352
1269	с	_	_	_	_	_	_	_	@ms1985m-words#@mp1985m#229.352#229.616
1270	этой	_	_	_	_	_	_	_	@ms1985m-words#@mp1985m#229.616#229.88
1271	Украиной	_	_	_	_	_	_	_	@ms1985m-words#@mp1985m#229.88#230.144
1272	понимаешь	_	_	_	_	_	_	_	@ms1985m-words#@mp1985m#230.144#230.43
1273	мы	_	_	_	_	_	_	_	@ms1985m-words#@mp1985m#241.32#241.596
1274	с	_	_	_	_	_	_	_	@ms1985m-words#@mp1985m#241.596#241.872
1275	тобой	_	_	_	_	_	_	_	@ms1985m-words#@mp1985m#241.872#242.15
1276	мы	_	_	_	_	_	_	_	@ms1985m-words#@mp1985m#242.69#242.782
1277	пытаемся	_	_	_	_	_	_	_	@ms1985m-words#@mp1985m#242.782#242.874
1278	от	_	_	_	_	_	_	_	@ms1985m-words#@mp1985m#242.874#242.966
1279	тебя	_	_	_	_	_	_	_	@ms1985m-words#@mp1985m#242.966#243.058
1280	[нрзб]	_	_	_	_	_	_	_	@ms1985m-words#@mp1985m#243.058#243.15
1281	нет	_	_	_	_	_	_	_	@ms1985m-words#@mp1985m#263.79#264.045
1282	он	_	_	_	_	_	_	_	@ms1985m-words#@mp1985m#264.045#264.3
1283	начнёт	_	_	_	_	_	_	_	@ms1985m-words#@mp1985m#264.3#264.555
1284	жить	_	_	_	_	_	_	_	@ms1985m-words#@mp1985m#264.555#264.81
1285	очень	_	_	_	_	_	_	_	@ms1985m-words#@mp1985m#264.81#265.065
1286	плохо	_	_	_	_	_	_	_	@ms1985m-words#@mp1985m#265.065#265.32
1287	потому	_	_	_	_	_	_	_	@ms1985m-words#@mp1985m#265.32#265.575
1288	что	_	_	_	_	_	_	_	@ms1985m-words#@mp1985m#265.575#265.83
1289	он	_	_	_	_	_	_	_	@ms1985m-words#@mp1985m#265.83#266.085
1290	очень	_	_	_	_	_	_	_	@ms1985m-words#@mp1985m#266.085#266.34
1291	хреново	_	_	_	_	_	_	_	@ms1985m-words#@mp1985m#266.34#266.595
1292	живёт	_	_	_	_	_	_	_	@ms1985m-words#@mp1985m#266.595#266.85
1293	на	_	_	_	_	_	_	_	@ms1985m-words#@mp1985m#266.85#267.105
1294	территории	_	_	_	_	_	_	_	@ms1985m-words#@mp1985m#267.105#267.36
1295	Путина	_	_	_	_	_	_	_	@ms1985m-words#@mp1985m#267.36#267.615
1296	и	_	_	_	_	_	_	_	@ms1985m-words#@mp1985m#267.615#267.87
1297	России	_	_	_	_	_	_	_	@ms1985m-words#@mp1985m#267.87#268.125
1298	/	_	_	_	_	_	_	_	@ms1985m-words#@mp1985m#268.125#268.38
1299	путинской	_	_	_	_	_	_	_	@ms1985m-words#@mp1985m#268.38#268.635
1300	России	_	_	_	_	_	_	_	@ms1985m-words#@mp1985m#268.635#268.89
1301	сейчас	_	_	_	_	_	_	_	@ms1985m-words#@mp1985m#268.89#269.16
1302	и	_	_	_	_	_	_	_	@ms1985m-words#@mp1985m#269.37#269.596
1303	не	_	_	_	_	_	_	_	@ms1985m-words#@mp1985m#269.596#269.822
1304	нужно	_	_	_	_	_	_	_	@ms1985m-words#@mp1985m#269.822#270.048
1305	его	_	_	_	_	_	_	_	@ms1985m-words#@mp1985m#270.048#270.274
1306	загонять	_	_	_	_	_	_	_	@ms1985m-words#@mp1985m#270.274#270.5
1307	/	_	_	_	_	_	_	_	@ms1985m-words#@mp1985m#270.5#270.726
1308	зу	_	_	_	_	_	_	_	@ms1985m-words#@mp1985m#270.726#270.952
1309	зу	_	_	_	_	_	_	_	@ms1985m-words#@mp1985m#270.952#271.178
1310	зу	_	_	_	_	_	_	_	@ms1985m-words#@mp1985m#271.178#271.404
1311	зу	_	_	_	_	_	_	_	@ms1985m-words#@mp1985m#271.404#271.63
1312	зу	_	_	_	_	_	_	_	@ms1985m-words#@mp1985m#271.63#271.86
1313	не	_	_	_	_	_	_	_	@ms1985m-words#@mp1985m#271.86#272.184
1314	нужно	_	_	_	_	_	_	_	@ms1985m-words#@mp1985m#272.184#272.508
1315	загонять	_	_	_	_	_	_	_	@ms1985m-words#@mp1985m#272.508#272.832
1316	его	_	_	_	_	_	_	_	@ms1985m-words#@mp1985m#272.832#273.156
1317	в	_	_	_	_	_	_	_	@ms1985m-words#@mp1985m#273.156#273.48
1318	эти	_	_	_	_	_	_	_	@ms1985m-words#@mp1985m#273.48#273.804
1319	кандалы	_	_	_	_	_	_	_	@ms1985m-words#@mp1985m#273.804#274.128
1320	путинской	_	_	_	_	_	_	_	@ms1985m-words#@mp1985m#274.128#274.452
1321	России	_	_	_	_	_	_	_	@ms1985m-words#@mp1985m#274.452#274.78
1322	вы	_	_	_	_	_	_	_	@ms1985m-words#@mp1985m#274.78#275.17
1323	сначала	_	_	_	_	_	_	_	@ms1985m-words#@mp1985m#275.17#275.56
1324	#одновременно#	_	_	_	_	_	_	_	@ms1985m-words#@mp1985m#278.39#278.637
1325	нет	_	_	_	_	_	_	_	@ms1985m-words#@mp1985m#278.637#278.884
1326	зачем	_	_	_	_	_	_	_	@ms1985m-words#@mp1985m#278.884#279.131
1327	/	_	_	_	_	_	_	_	@ms1985m-words#@mp1985m#279.131#279.378
1328	зачем	_	_	_	_	_	_	_	@ms1985m-words#@mp1985m#279.378#279.625
1329	белых	_	_	_	_	_	_	_	@ms1985m-words#@mp1985m#279.625#279.872
1330	люд...	_	_	_	_	_	_	_	@ms1985m-words#@mp1985m#279.872#280.12
1331	#одновременно#	_	_	_	_	_	_	_	@ms1985m-words#@mp1985m#309.5#309.768
1332	сосет	_	_	_	_	_	_	_	@ms1985m-words#@mp1985m#309.768#310.036
1333	хуй	_	_	_	_	_	_	_	@ms1985m-words#@mp1985m#310.036#310.304
1334	в	_	_	_	_	_	_	_	@ms1985m-words#@mp1985m#310.304#310.572
1335	России	_	_	_	_	_	_	_	@ms1985m-words#@mp1985m#310.572#310.84
1336	/	_	_	_	_	_	_	_	@ms1985m-words#@mp1985m#310.84#311.108
1337	вот	_	_	_	_	_	_	_	@ms1985m-words#@mp1985m#311.108#311.376
1338	русский	_	_	_	_	_	_	_	@ms1985m-words#@mp1985m#311.376#311.644
1339	народ	_	_	_	_	_	_	_	@ms1985m-words#@mp1985m#311.644#311.912
1340	в	_	_	_	_	_	_	_	@ms1985m-words#@mp1985m#311.912#312.18
1341	России	_	_	_	_	_	_	_	@ms1985m-words#@mp1985m#312.18#312.448
1342	сосёт	_	_	_	_	_	_	_	@ms1985m-words#@mp1985m#312.448#312.716
1343	хуй	_	_	_	_	_	_	_	@ms1985m-words#@mp1985m#312.716#312.984
1344	/	_	_	_	_	_	_	_	@ms1985m-words#@mp1985m#312.984#313.252
1345	и	_	_	_	_	_	_	_	@ms1985m-words#@mp1985m#313.252#313.52
1346	целует	_	_	_	_	_	_	_	@ms1985m-words#@mp1985m#313.52#313.788
1347	путинский	_	_	_	_	_	_	_	@ms1985m-words#@mp1985m#313.788#314.056
1348	сапог	_	_	_	_	_	_	_	@ms1985m-words#@mp1985m#314.056#314.34
1349	и	_	_	_	_	_	_	_	@ms1985m-words#@mp1985m#314.35#314.602
1350	ты	_	_	_	_	_	_	_	@ms1985m-words#@mp1985m#314.602#314.854
1351	сейчас	_	_	_	_	_	_	_	@ms1985m-words#@mp1985m#314.854#315.106
1352	/	_	_	_	_	_	_	_	@ms1985m-words#@mp1985m#315.106#315.358
1353	этот	_	_	_	_	_	_	_	@ms1985m-words#@mp1985m#315.358#315.61
1354	русский	_	_	_	_	_	_	_	@ms1985m-words#@mp1985m#315.61#315.862
1355	народ	_	_	_	_	_	_	_	@ms1985m-words#@mp1985m#315.862#316.114
1356	из	_	_	_	_	_	_	_	@ms1985m-words#@mp1985m#316.114#316.366
1357	Украины	_	_	_	_	_	_	_	@ms1985m-words#@mp1985m#316.366#316.618
1358	/	_	_	_	_	_	_	_	@ms1985m-words#@mp1985m#316.618#316.87
1359	хочешь	_	_	_	_	_	_	_	@ms1985m-words#@mp1985m#316.87#317.122
1360	вернуть	_	_	_	_	_	_	_	@ms1985m-words#@mp1985m#317.122#317.374
1361	в	_	_	_	_	_	_	_	@ms1985m-words#@mp1985m#317.374#317.626
1362	Россию	_	_	_	_	_	_	_	@ms1985m-words#@mp1985m#317.626#317.878
1363	чтоб	_	_	_	_	_	_	_	@ms1985m-words#@mp1985m#317.878#318.13
1364	они	_	_	_	_	_	_	_	@ms1985m-words#@mp1985m#318.13#318.382
1365	точно	_	_	_	_	_	_	_	@ms1985m-words#@mp1985m#318.382#318.634
1366	так	_	_	_	_	_	_	_	@ms1985m-words#@mp1985m#318.634#318.886
1367	же	_	_	_	_	_	_	_	@ms1985m-words#@mp1985m#318.886#319.138
1368	сосали	_	_	_	_	_	_	_	@ms1985m-words#@mp1985m#319.138#319.39
1369	путинский	_	_	_	_	_	_	_	@ms1985m-words#@mp1985m#319.39#319.642
1370	хуй	_	_	_	_	_	_	_	@ms1985m-words#@mp1985m#319.642#319.894
1371	/	_	_	_	_	_	_	_	@ms1985m-words#@mp1985m#319.894#320.146
1372	и	_	_	_	_	_	_	_	@ms1985m-words#@mp1985m#320.146#320.398
1373	целовали	_	_	_	_	_	_	_	@ms1985m-words#@mp1985m#320.398#320.65
1374	его	_	_	_	_	_	_	_	@ms1985m-words#@mp1985m#320.65#320.902
1375	сапог	_	_	_	_	_	_	_	@ms1985m-words#@mp1985m#320.902#321.16
1376	деспотии	_	_	_	_	_	_	_	@ms1985m-words#@mp1985m#328.75#329.75
1377	лучше	_	_	_	_	_	_	_	@ms1985m-words#@mp1985m#329.75#330.27
1378	тем	_	_	_	_	_	_	_	@ms1985m-words#@mp1985m#331.76#332.093
1379	что	_	_	_	_	_	_	_	@ms1985m-words#@mp1985m#332.093#332.426
1380	слабее	_	_	_	_	_	_	_	@ms1985m-words#@mp1985m#332.426#332.76
1381	ну	_	_	_	_	_	_	_	@ms1985m-words#@mp1985m#350.27#350.507
1382	[нрзб]да	_	_	_	_	_	_	_	@ms1985m-words#@mp1985m#350.507#350.744
1383	то	_	_	_	_	_	_	_	@ms1985m-words#@mp1985m#350.744#350.981
1384	есть	_	_	_	_	_	_	_	@ms1985m-words#@mp1985m#350.981#351.22