@mp1984m-words	@mp1984m	0.0	0.388	и
@mp1984m-words	@mp1984m	0.388	0.776	поняло
@mp1984m-words	@mp1984m	0.776	1.164	это
@mp1984m-words	@mp1984m	1.164	1.552	так
@mp1984m-words	@mp1984m	1.552	1.94	как
@mp1984m-words	@mp1984m	1.94	2.33	это
@mp1984m-words	@mp1984m	4.85	5.394	#одновременно#
@mp1984m-words	@mp1984m	5.394	5.938	соцсети
@mp1984m-words	@mp1984m	5.938	6.482	это
@mp1984m-words	@mp1984m	6.482	7.026	не
@mp1984m-words	@mp1984m	7.026	7.57	показатель
@mp1984m-words	@mp1984m	7.57	7.851	соцсети
@mp1984m-words	@mp1984m	7.851	8.132	это
@mp1984m-words	@mp1984m	8.132	8.413	не...
@mp1984m-words	@mp1984m	8.413	8.694	это
@mp1984m-words	@mp1984m	8.694	8.975	не
@mp1984m-words	@mp1984m	8.975	9.256	статистика
@mp1984m-words	@mp1984m	9.256	9.537	/
@mp1984m-words	@mp1984m	9.537	9.818	это
@mp1984m-words	@mp1984m	9.818	10.099	не
@mp1984m-words	@mp1984m	10.099	10.38	социология
@mp1984m-words	@mp1984m	10.38	10.661	/
@mp1984m-words	@mp1984m	10.661	10.942	это
@mp1984m-words	@mp1984m	10.942	11.223	просто
@mp1984m-words	@mp1984m	11.223	11.504	какой-то
@mp1984m-words	@mp1984m	11.504	11.785	пиздеж
@mp1984m-words	@mp1984m	11.785	12.066	в
@mp1984m-words	@mp1984m	12.066	12.347	соцсетях
@mp1984m-words	@mp1984m	12.347	12.628	и
@mp1984m-words	@mp1984m	12.628	12.91	все
@mp1984m-words	@mp1984m	17.38	17.83	#одновременно#
@mp1984m-words	@mp1984m	17.83	18.28	при
@mp1984m-words	@mp1984m	18.28	18.73	чем...
@mp1984m-words	@mp1984m	18.73	19.18	при
@mp1984m-words	@mp1984m	19.18	19.63	чем
@mp1984m-words	@mp1984m	19.63	20.08	здесь
@mp1984m-words	@mp1984m	20.08	20.53	Нава...
@mp1984m-words	@mp1984m	20.53	20.98	Навальный
@mp1984m-words	@mp1984m	27.82	28.198	ты
@mp1984m-words	@mp1984m	28.198	28.576	щас
@mp1984m-words	@mp1984m	28.576	28.954	пытаешься
@mp1984m-words	@mp1984m	28.954	29.332	куда-то
@mp1984m-words	@mp1984m	29.332	29.71	съехать
@mp1984m-words	@mp1984m	29.71	30.09	опять
@mp1984m-words	@mp1984m	31.3	31.585	откуда
@mp1984m-words	@mp1984m	31.585	31.87	у
@mp1984m-words	@mp1984m	31.87	32.155	тебя
@mp1984m-words	@mp1984m	32.155	32.44	данные
@mp1984m-words	@mp1984m	32.44	32.725	что
@mp1984m-words	@mp1984m	32.725	33.01	/
@mp1984m-words	@mp1984m	33.01	33.295	там
@mp1984m-words	@mp1984m	33.295	33.58	все
@mp1984m-words	@mp1984m	33.58	33.865	решили
@mp1984m-words	@mp1984m	33.865	34.15	что
@mp1984m-words	@mp1984m	34.15	34.435	русский
@mp1984m-words	@mp1984m	34.435	34.72	язык
@mp1984m-words	@mp1984m	34.72	35.005	зап...
@mp1984m-words	@mp1984m	35.005	35.3	запрещать
@mp1984m-words	@mp1984m	35.48	35.986	#одновременно#
@mp1984m-words	@mp1984m	35.986	36.492	от...
@mp1984m-words	@mp1984m	36.492	36.998	отмена
@mp1984m-words	@mp1984m	36.998	37.504	закона
@mp1984m-words	@mp1984m	37.504	38.01	это
@mp1984m-words	@mp1984m	38.01	38.52	не
@mp1984m-words	@mp1984m	38.52	38.77	не
@mp1984m-words	@mp1984m	38.77	39.02	то
@mp1984m-words	@mp1984m	39.02	39.27	же
@mp1984m-words	@mp1984m	39.27	39.52	самое
@mp1984m-words	@mp1984m	46.19	46.334	#одновременно#
@mp1984m-words	@mp1984m	46.334	46.478	а
@mp1984m-words	@mp1984m	46.478	46.622	/
@mp1984m-words	@mp1984m	46.622	46.766	то
@mp1984m-words	@mp1984m	46.766	46.91	е...
@mp1984m-words	@mp1984m	57.21	57.529	#одновременно#
@mp1984m-words	@mp1984m	57.529	57.848	нет
@mp1984m-words	@mp1984m	57.848	58.167	стоп
@mp1984m-words	@mp1984m	58.167	58.486	давай
@mp1984m-words	@mp1984m	58.486	58.805	[нрзб]
@mp1984m-words	@mp1984m	58.805	59.124	пр...
@mp1984m-words	@mp1984m	59.124	59.443	пр...
@mp1984m-words	@mp1984m	59.443	59.762	про
@mp1984m-words	@mp1984m	59.762	60.081	десять
@mp1984m-words	@mp1984m	60.081	60.4	процентов
@mp1984m-words	@mp1984m	60.45	60.771	то
@mp1984m-words	@mp1984m	60.771	61.092	есть
@mp1984m-words	@mp1984m	61.092	61.413	ты
@mp1984m-words	@mp1984m	61.413	61.734	/
@mp1984m-words	@mp1984m	61.734	62.055	ты
@mp1984m-words	@mp1984m	62.055	62.376	щас
@mp1984m-words	@mp1984m	62.376	62.697	фа...
@mp1984m-words	@mp1984m	62.697	63.018	фактически
@mp1984m-words	@mp1984m	63.018	63.34	говоришь
@mp1984m-words	@mp1984m	78.34	78.592	#одновременно#
@mp1984m-words	@mp1984m	78.592	78.844	ты
@mp1984m-words	@mp1984m	78.844	79.096	/
@mp1984m-words	@mp1984m	79.096	79.348	не
@mp1984m-words	@mp1984m	79.348	79.6	путаешь
@mp1984m-words	@mp1984m	79.6	79.852	ли
@mp1984m-words	@mp1984m	79.852	80.104	пере...
@mp1984m-words	@mp1984m	80.104	80.356	переворот
@mp1984m-words	@mp1984m	80.356	80.608	и
@mp1984m-words	@mp1984m	80.608	80.86	революцию
@mp1984m-words	@mp1984m	89.82	90.095	и
@mp1984m-words	@mp1984m	90.095	90.37	что
@mp1984m-words	@mp1984m	91.14	91.46	и
@mp1984m-words	@mp1984m	91.46	91.78	что
@mp1984m-words	@mp1984m	104.53	105.49	#одновременно#
@mp1984m-words	@mp1984m	105.49	106.45	[нрзб]
@mp1984m-words	@mp1984m	106.45	107.205	#одновременно#
@mp1984m-words	@mp1984m	107.205	107.96	[нрзб]
@mp1984m-words	@mp1984m	172.43	172.85	я
@mp1984m-words	@mp1984m	172.85	173.27	предлагаю
@mp1984m-words	@mp1984m	173.27	173.69	просто
@mp1984m-words	@mp1984m	173.69	174.11	зафиксировать
@mp1984m-words	@mp1984m	174.11	174.53	что
@mp1984m-words	@mp1984m	174.53	174.95	Егор
@mp1984m-words	@mp1984m	174.95	175.37	Просвирнин
@mp1984m-words	@mp1984m	175.37	175.79	оказался
@mp1984m-words	@mp1984m	175.79	176.21	украинским
@mp1984m-words	@mp1984m	176.21	176.63	легалистом
@mp1984m-words	@mp1984m	176.63	177.05	/
@mp1984m-words	@mp1984m	177.05	177.47	который
@mp1984m-words	@mp1984m	177.47	177.89	[нрзб]
@mp1984m-words	@mp1984m	177.89	178.31	соблюдения
@mp1984m-words	@mp1984m	178.31	178.73	украинской
@mp1984m-words	@mp1984m	178.73	179.15	конституции
@mp1984m-words	@mp1984m	179.15	179.57	/
@mp1984m-words	@mp1984m	179.57	179.99	при
@mp1984m-words	@mp1984m	179.99	180.41	любых
@mp1984m-words	@mp1984m	180.41	180.84	обстоятельствах
@mp1984m-words	@mp1984m	192.48	192.881	#одновременно#
@mp1984m-words	@mp1984m	192.881	193.282	в
@mp1984m-words	@mp1984m	193.282	193.683	постсоветских
@mp1984m-words	@mp1984m	193.683	194.084	странах
@mp1984m-words	@mp1984m	194.084	194.485	[нрзб]
@mp1984m-words	@mp1984m	194.485	194.886	определенно
@mp1984m-words	@mp1984m	194.886	195.29	[нрзб]
@mp1984m-words	@mp1984m	196.74	196.966	#одновременно#
@mp1984m-words	@mp1984m	196.966	197.192	в
@mp1984m-words	@mp1984m	197.192	197.418	советских
@mp1984m-words	@mp1984m	197.418	197.644	тем
@mp1984m-words	@mp1984m	197.644	197.87	более
@mp1984m-words	@mp1984m	230.95	231.268	#одновременно#
@mp1984m-words	@mp1984m	231.268	231.586	а
@mp1984m-words	@mp1984m	231.586	231.904	ты
@mp1984m-words	@mp1984m	231.904	232.222	с
@mp1984m-words	@mp1984m	232.222	232.54	какой-то
@mp1984m-words	@mp1984m	232.54	232.858	стати
@mp1984m-words	@mp1984m	232.858	233.176	ре...
@mp1984m-words	@mp1984m	233.176	233.494	решил
@mp1984m-words	@mp1984m	233.494	233.812	что
@mp1984m-words	@mp1984m	233.812	234.13	мы
@mp1984m-words	@mp1984m	234.13	234.448	поддерживаем
@mp1984m-words	@mp1984m	234.448	234.766	украинскую
@mp1984m-words	@mp1984m	234.766	235.09	номенклатуру
@mp1984m-words	@mp1984m	235.13	235.463	нет
@mp1984m-words	@mp1984m	235.463	235.796	мы
@mp1984m-words	@mp1984m	235.796	236.129	не
@mp1984m-words	@mp1984m	236.129	236.462	поддерживаем
@mp1984m-words	@mp1984m	236.462	236.795	украинскую
@mp1984m-words	@mp1984m	236.795	237.128	номенклатуру
@mp1984m-words	@mp1984m	237.128	237.461	/
@mp1984m-words	@mp1984m	237.461	237.794	и
@mp1984m-words	@mp1984m	237.794	238.127	российскую
@mp1984m-words	@mp1984m	238.127	238.46	не
@mp1984m-words	@mp1984m	238.46	238.793	поддерживаем
@mp1984m-words	@mp1984m	238.793	239.126	/
@mp1984m-words	@mp1984m	239.126	239.459	никакую
@mp1984m-words	@mp1984m	239.459	239.792	не
@mp1984m-words	@mp1984m	239.792	240.13	поддерживаем
@mp1984m-words	@mp1984m	242.35	242.798	мы
@mp1984m-words	@mp1984m	242.798	243.246	поддерживаем
@mp1984m-words	@mp1984m	243.246	243.694	русский
@mp1984m-words	@mp1984m	243.694	244.142	народ
@mp1984m-words	@mp1984m	244.142	244.59	и
@mp1984m-words	@mp1984m	244.59	245.038	украинский
@mp1984m-words	@mp1984m	245.038	245.49	народ
@mp1984m-words	@mp1984m	247.21	247.46	и
@mp1984m-words	@mp1984m	247.46	247.71	и
@mp1984m-words	@mp1984m	247.71	247.96	/
@mp1984m-words	@mp1984m	247.96	248.21	и
@mp1984m-words	@mp1984m	248.21	248.46	русский
@mp1984m-words	@mp1984m	248.46	248.71	на...
@mp1984m-words	@mp1984m	248.71	248.96	народ
@mp1984m-words	@mp1984m	248.96	249.21	жи...
@mp1984m-words	@mp1984m	249.21	249.46	живущий
@mp1984m-words	@mp1984m	249.46	249.71	на
@mp1984m-words	@mp1984m	249.71	249.97	Украине
@mp1984m-words	@mp1984m	251.79	252.063	#одновременно#
@mp1984m-words	@mp1984m	252.063	252.336	у
@mp1984m-words	@mp1984m	252.336	252.609	народа
@mp1984m-words	@mp1984m	252.609	252.882	украинского
@mp1984m-words	@mp1984m	252.882	253.155	/
@mp1984m-words	@mp1984m	253.155	253.428	и
@mp1984m-words	@mp1984m	253.428	253.701	и
@mp1984m-words	@mp1984m	253.701	253.974	русского
@mp1984m-words	@mp1984m	253.974	254.247	народа
@mp1984m-words	@mp1984m	254.247	254.52	живущего
@mp1984m-words	@mp1984m	254.52	254.793	на
@mp1984m-words	@mp1984m	254.793	255.066	Украине
@mp1984m-words	@mp1984m	255.066	255.339	у
@mp1984m-words	@mp1984m	255.339	255.612	него
@mp1984m-words	@mp1984m	255.612	255.885	другое
@mp1984m-words	@mp1984m	255.885	256.158	мнение
@mp1984m-words	@mp1984m	256.158	256.431	/
@mp1984m-words	@mp1984m	256.431	256.704	они
@mp1984m-words	@mp1984m	256.704	256.977	считают
@mp1984m-words	@mp1984m	256.977	257.25	что
@mp1984m-words	@mp1984m	257.25	257.523	они
@mp1984m-words	@mp1984m	257.523	257.8	существуют
@mp1984m-words	@mp1984m	267.93	268.532	русский
@mp1984m-words	@mp1984m	268.532	269.134	на...
@mp1984m-words	@mp1984m	269.134	269.736	народ
@mp1984m-words	@mp1984m	269.736	270.34	[нрзб]
@mp1984m-words	@mp1984m	280.26	280.76	эвакуировать
@mp1984m-words	@mp1984m	280.76	281.26	куда
@mp1984m-words	@mp1984m	284.93	285.164	а
@mp1984m-words	@mp1984m	285.164	285.398	Россия
@mp1984m-words	@mp1984m	285.398	285.632	значит
@mp1984m-words	@mp1984m	285.632	285.866	лучше
@mp1984m-words	@mp1984m	285.866	286.1	Украины
@mp1984m-words	@mp1984m	286.1	286.334	/
@mp1984m-words	@mp1984m	286.334	286.57	правильно
@mp1984m-words	@mp1984m	286.63	287.04	пральна
@mp1984m-words	@mp1984m	287.86	288.36	нынешняя
@mp1984m-words	@mp1984m	288.36	288.86	Россия
@mp1984m-words	@mp1984m	301.83	302.235	в
@mp1984m-words	@mp1984m	302.235	302.64	этой
@mp1984m-words	@mp1984m	302.64	303.045	е...
@mp1984m-words	@mp1984m	303.045	303.45	ебучей
@mp1984m-words	@mp1984m	303.45	303.855	/
@mp1984m-words	@mp1984m	303.855	304.26	восточноевропейской
@mp1984m-words	@mp1984m	304.26	304.665	Африке
@mp1984m-words	@mp1984m	304.665	305.07	/
@mp1984m-words	@mp1984m	305.07	305.475	народ
@mp1984m-words	@mp1984m	305.475	305.88	может
@mp1984m-words	@mp1984m	305.88	306.285	/
@mp1984m-words	@mp1984m	306.285	306.69	выйти
@mp1984m-words	@mp1984m	306.69	307.095	на
@mp1984m-words	@mp1984m	307.095	307.5	площадь
@mp1984m-words	@mp1984m	308.49	309.49	нет
@mp1984m-words	@mp1984m	309.83	310.213	не
@mp1984m-words	@mp1984m	310.213	310.596	пизди
@mp1984m-words	@mp1984m	310.596	310.98	Егор
@mp1984m-words	@mp1984m	328.75	329.42	лучше
@mp1984m-words	@mp1984m	331.11	331.477	потому
@mp1984m-words	@mp1984m	331.477	331.844	что
@mp1984m-words	@mp1984m	331.844	332.211	с
@mp1984m-words	@mp1984m	332.211	332.578	этим
@mp1984m-words	@mp1984m	332.578	332.945	государством
@mp1984m-words	@mp1984m	332.945	333.312	проще
@mp1984m-words	@mp1984m	333.312	333.68	справиться
@mp1984m-words	@mp1984m	333.68	333.94	потому
@mp1984m-words	@mp1984m	333.94	334.2	что
@mp1984m-words	@mp1984m	334.2	334.46	оно...
@mp1984m-words	@mp1984m	334.46	334.72	оно
@mp1984m-words	@mp1984m	334.72	334.98	слабее
@mp1984m-words	@mp1984m	336.57	336.862	#одновременно#
@mp1984m-words	@mp1984m	336.862	337.154	там
@mp1984m-words	@mp1984m	337.154	337.446	нет
@mp1984m-words	@mp1984m	337.446	337.738	ро...
@mp1984m-words	@mp1984m	337.738	338.03	росгвардии
@mp1984m-words	@mp1984m	338.03	338.322	/
@mp1984m-words	@mp1984m	338.322	338.614	там
@mp1984m-words	@mp1984m	338.614	338.906	нет
@mp1984m-words	@mp1984m	338.906	339.198	эшников
@mp1984m-words	@mp1984m	339.198	339.49	/
@mp1984m-words	@mp1984m	339.49	339.782	там
@mp1984m-words	@mp1984m	339.782	340.074	нет
@mp1984m-words	@mp1984m	340.074	340.366	толпы
@mp1984m-words	@mp1984m	340.366	340.658	мусоров
@mp1984m-words	@mp1984m	340.658	340.95	которые
@mp1984m-words	@mp1984m	340.95	341.242	го...
@mp1984m-words	@mp1984m	341.242	341.534	готовы
@mp1984m-words	@mp1984m	341.534	341.826	пиздить
@mp1984m-words	@mp1984m	341.826	342.118	их
@mp1984m-words	@mp1984m	342.118	342.41	и
@mp1984m-words	@mp1984m	342.41	342.702	убивать
@mp1984m-words	@mp1984m	342.702	342.994	/
@mp1984m-words	@mp1984m	342.994	343.286	за...
@mp1984m-words	@mp1984m	343.286	343.578	за
@mp1984m-words	@mp1984m	343.578	343.87	вот
@mp1984m-words	@mp1984m	343.87	344.162	эти
@mp1984m-words	@mp1984m	344.162	344.454	нефтяные
@mp1984m-words	@mp1984m	344.454	344.746	бабки
@mp1984m-words	@mp1984m	344.746	345.038	а
@mp1984m-words	@mp1984m	345.038	345.33	здесь
@mp1984m-words	@mp1984m	345.33	345.622	они
@mp1984m-words	@mp1984m	345.622	345.94	есть
@mp1984m-words	@mp1984m	347.83	348.085	они
@mp1984m-words	@mp1984m	348.085	348.34	будут
@mp1984m-words	@mp1984m	348.34	348.595	пиздить
@mp1984m-words	@mp1984m	348.595	348.85	тебя
@mp1984m-words	@mp1984m	348.85	349.105	/
@mp1984m-words	@mp1984m	349.105	349.36	они
@mp1984m-words	@mp1984m	349.36	349.615	будут
@mp1984m-words	@mp1984m	349.615	349.87	с...
@mp1984m-words	@mp1984m	349.87	350.125	с...
@mp1984m-words	@mp1984m	350.125	350.38	сажать
@mp1984m-words	@mp1984m	350.38	350.64	тебя
@ep1984m-words	@ep1984m	1.54	1.985	ты
@ep1984m-words	@ep1984m	1.985	2.43	можешь
@ep1984m-words	@ep1984m	2.43	2.875	открыть
@ep1984m-words	@ep1984m	2.875	3.32	/
@ep1984m-words	@ep1984m	3.32	3.765	соцсеть
@ep1984m-words	@ep1984m	3.765	4.21	и
@ep1984m-words	@ep1984m	4.21	4.655	прочитать
@ep1984m-words	@ep1984m	4.655	5.1	архивные...
@ep1984m-words	@ep1984m	5.1	5.545	мы
@ep1984m-words	@ep1984m	5.545	5.99	живем
@ep1984m-words	@ep1984m	5.99	6.435	в
@ep1984m-words	@ep1984m	6.435	6.88	[нрзб]
@ep1984m-words	@ep1984m	6.9	7.221	мы
@ep1984m-words	@ep1984m	7.221	7.542	живем
@ep1984m-words	@ep1984m	7.542	7.863	в
@ep1984m-words	@ep1984m	7.863	8.184	[нрзб]
@ep1984m-words	@ep1984m	8.184	8.505	информационную
@ep1984m-words	@ep1984m	8.505	8.83	эпоху
@ep1984m-words	@ep1984m	12.72	13.066	слушай
@ep1984m-words	@ep1984m	13.066	13.412	нормально
@ep1984m-words	@ep1984m	13.412	13.758	ты
@ep1984m-words	@ep1984m	13.758	14.104	Навального
@ep1984m-words	@ep1984m	14.104	14.45	опустил
@ep1984m-words	@ep1984m	17.34	18.335	я
@ep1984m-words	@ep1984m	18.335	19.33	попрошу
@ep1984m-words	@ep1984m	19.33	20.325	оставить
@ep1984m-words	@ep1984m	20.325	21.32	это
@ep1984m-words	@ep1984m	21.32	22.315	в
@ep1984m-words	@ep1984m	22.315	23.31	финальном
@ep1984m-words	@ep1984m	23.31	24.305	кате
@ep1984m-words	@ep1984m	24.305	25.3	#смеется#
@ep1984m-words	@ep1984m	25.3	26.443	чувак
@ep1984m-words	@ep1984m	26.443	27.586	молодец
@ep1984m-words	@ep1984m	27.586	28.73	#смеется#
@ep1984m-words	@ep1984m	30.09	30.305	нет
@ep1984m-words	@ep1984m	30.305	30.52	почему
@ep1984m-words	@ep1984m	30.52	30.735	я
@ep1984m-words	@ep1984m	30.735	30.95	не
@ep1984m-words	@ep1984m	30.95	31.165	пытаюсь
@ep1984m-words	@ep1984m	31.165	31.38	куда-то
@ep1984m-words	@ep1984m	31.38	31.6	съехать
@ep1984m-words	@ep1984m	34.78	35.09	ну
@ep1984m-words	@ep1984m	35.09	35.4	почему
@ep1984m-words	@ep1984m	35.4	35.71	/
@ep1984m-words	@ep1984m	35.71	36.02	зачем
@ep1984m-words	@ep1984m	36.02	36.33	[нрзб]
@ep1984m-words	@ep1984m	36.7	37.155	для
@ep1984m-words	@ep1984m	37.155	37.61	начала...
@ep1984m-words	@ep1984m	37.61	38.065	для
@ep1984m-words	@ep1984m	38.065	38.52	начала
@ep1984m-words	@ep1984m	38.52	38.975	активных...
@ep1984m-words	@ep1984m	38.975	39.43	перемен
@ep1984m-words	@ep1984m	39.43	39.885	достаточно
@ep1984m-words	@ep1984m	39.885	40.34	десяти
@ep1984m-words	@ep1984m	40.34	40.795	процентов
@ep1984m-words	@ep1984m	40.795	41.25	населения
@ep1984m-words	@ep1984m	43.97	44.39	#одновременно#
@ep1984m-words	@ep1984m	44.39	44.81	активно...
@ep1984m-words	@ep1984m	44.81	45.23	активного
@ep1984m-words	@ep1984m	45.23	45.65	сопротивления
@ep1984m-words	@ep1984m	46.56	46.948	военные
@ep1984m-words	@ep1984m	46.948	47.336	действия
@ep1984m-words	@ep1984m	47.336	47.724	начались
@ep1984m-words	@ep1984m	47.724	48.112	не
@ep1984m-words	@ep1984m	48.112	48.5	сразу
@ep1984m-words	@ep1984m	48.5	48.908	пе...
@ep1984m-words	@ep1984m	48.908	49.316	перед
@ep1984m-words	@ep1984m	49.316	49.724	тем
@ep1984m-words	@ep1984m	49.724	50.132	как
@ep1984m-words	@ep1984m	50.132	50.54	начинаются
@ep1984m-words	@ep1984m	50.54	50.948	военные
@ep1984m-words	@ep1984m	50.948	51.356	действия
@ep1984m-words	@ep1984m	51.356	51.764	гражданская
@ep1984m-words	@ep1984m	51.764	52.172	война
@ep1984m-words	@ep1984m	52.172	52.58	/
@ep1984m-words	@ep1984m	52.58	52.988	всегда
@ep1984m-words	@ep1984m	52.988	53.396	сначала
@ep1984m-words	@ep1984m	53.396	53.804	происходит
@ep1984m-words	@ep1984m	53.804	54.212	процесс
@ep1984m-words	@ep1984m	54.212	54.62	делегитимизации
@ep1984m-words	@ep1984m	54.62	55.03	власти
@ep1984m-words	@ep1984m	57.71	57.968	#одновременно#
@ep1984m-words	@ep1984m	57.968	58.226	нет
@ep1984m-words	@ep1984m	58.226	58.484	нет
@ep1984m-words	@ep1984m	58.484	58.742	прости
@ep1984m-words	@ep1984m	58.742	59.0	дайте
@ep1984m-words	@ep1984m	59.0	59.26	мне
@ep1984m-words	@ep1984m	60.77	60.924	не
@ep1984m-words	@ep1984m	60.924	61.078	не
@ep1984m-words	@ep1984m	61.078	61.232	не
@ep1984m-words	@ep1984m	61.232	61.386	не
@ep1984m-words	@ep1984m	61.386	61.54	не
@ep1984m-words	@ep1984m	61.92	62.155	в...
@ep1984m-words	@ep1984m	62.155	62.39	в...
@ep1984m-words	@ep1984m	62.39	62.625	вы
@ep1984m-words	@ep1984m	62.625	62.86	/
@ep1984m-words	@ep1984m	62.86	63.095	вы
@ep1984m-words	@ep1984m	63.095	63.33	не
@ep1984m-words	@ep1984m	63.33	63.565	понимаете
@ep1984m-words	@ep1984m	63.565	63.8	саму
@ep1984m-words	@ep1984m	63.8	64.035	механику
@ep1984m-words	@ep1984m	64.035	64.27	государственного
@ep1984m-words	@ep1984m	64.27	64.505	переворота
@ep1984m-words	@ep1984m	64.505	64.74	и
@ep1984m-words	@ep1984m	64.74	64.975	то
@ep1984m-words	@ep1984m	64.975	65.21	что
@ep1984m-words	@ep1984m	65.21	65.445	следует
@ep1984m-words	@ep1984m	65.445	65.68	за
@ep1984m-words	@ep1984m	65.68	65.92	ним
@ep1984m-words	@ep1984m	66.59	66.956	важной
@ep1984m-words	@ep1984m	66.956	67.322	частью
@ep1984m-words	@ep1984m	67.322	67.688	государственного
@ep1984m-words	@ep1984m	67.688	68.054	переворота
@ep1984m-words	@ep1984m	68.054	68.42	является
@ep1984m-words	@ep1984m	68.42	68.786	/
@ep1984m-words	@ep1984m	68.786	69.152	делегитимизация
@ep1984m-words	@ep1984m	69.152	69.518	предыдущей
@ep1984m-words	@ep1984m	69.518	69.884	власти
@ep1984m-words	@ep1984m	69.884	70.25	/
@ep1984m-words	@ep1984m	70.25	70.616	то
@ep1984m-words	@ep1984m	70.616	70.982	бишь
@ep1984m-words	@ep1984m	70.982	71.348	Януковича
@ep1984m-words	@ep1984m	71.348	71.714	/
@ep1984m-words	@ep1984m	71.714	72.08	что
@ep1984m-words	@ep1984m	72.08	72.446	/
@ep1984m-words	@ep1984m	72.446	72.812	уважаемые
@ep1984m-words	@ep1984m	72.812	73.178	майдановцы
@ep1984m-words	@ep1984m	73.178	73.544	прекрасно
@ep1984m-words	@ep1984m	73.544	73.91	сделали
@ep1984m-words	@ep1984m	73.91	74.219	однако
@ep1984m-words	@ep1984m	74.219	74.528	после
@ep1984m-words	@ep1984m	74.528	74.837	этого
@ep1984m-words	@ep1984m	74.837	75.146	им
@ep1984m-words	@ep1984m	75.146	75.455	надо
@ep1984m-words	@ep1984m	75.455	75.764	было
@ep1984m-words	@ep1984m	75.764	76.073	легитимизировать
@ep1984m-words	@ep1984m	76.073	76.382	себя
@ep1984m-words	@ep1984m	76.382	76.691	/
@ep1984m-words	@ep1984m	76.691	77.0	новую
@ep1984m-words	@ep1984m	77.0	77.309	власть
@ep1984m-words	@ep1984m	77.309	77.618	/
@ep1984m-words	@ep1984m	77.618	77.927	за
@ep1984m-words	@ep1984m	77.927	78.236	которую
@ep1984m-words	@ep1984m	78.236	78.545	кто
@ep1984m-words	@ep1984m	78.545	78.854	голосовал
@ep1984m-words	@ep1984m	78.854	79.163	/
@ep1984m-words	@ep1984m	79.163	79.472	которую
@ep1984m-words	@ep1984m	79.472	79.781	никто
@ep1984m-words	@ep1984m	79.781	80.09	не
@ep1984m-words	@ep1984m	80.09	80.41	выбира...\
@ep1984m-words	@ep1984m	80.41	80.83	нет
@ep1984m-words	@ep1984m	80.83	81.25	подожди
@ep1984m-words	@ep1984m	81.26	81.523	прости
@ep1984m-words	@ep1984m	81.523	81.786	меня
@ep1984m-words	@ep1984m	81.786	82.049	но
@ep1984m-words	@ep1984m	82.049	82.312	даже
@ep1984m-words	@ep1984m	82.312	82.575	Рада
@ep1984m-words	@ep1984m	82.575	82.838	/
@ep1984m-words	@ep1984m	82.838	83.101	на
@ep1984m-words	@ep1984m	83.101	83.364	самом
@ep1984m-words	@ep1984m	83.364	83.627	деле
@ep1984m-words	@ep1984m	83.627	83.89	нелегитимно
@ep1984m-words	@ep1984m	83.89	84.153	/
@ep1984m-words	@ep1984m	84.153	84.416	отстранила
@ep1984m-words	@ep1984m	84.416	84.679	Януковича
@ep1984m-words	@ep1984m	84.679	84.942	потому
@ep1984m-words	@ep1984m	84.942	85.205	что
@ep1984m-words	@ep1984m	85.205	85.468	по
@ep1984m-words	@ep1984m	85.468	85.731	тем
@ep1984m-words	@ep1984m	85.731	85.994	пунктам
@ep1984m-words	@ep1984m	85.994	86.257	по
@ep1984m-words	@ep1984m	86.257	86.52	которым
@ep1984m-words	@ep1984m	86.52	86.783	она
@ep1984m-words	@ep1984m	86.783	87.046	его
@ep1984m-words	@ep1984m	87.046	87.309	отстранила
@ep1984m-words	@ep1984m	87.309	87.572	/
@ep1984m-words	@ep1984m	87.572	87.835	просто
@ep1984m-words	@ep1984m	87.835	88.098	в
@ep1984m-words	@ep1984m	88.098	88.361	конституции
@ep1984m-words	@ep1984m	88.361	88.624	Украины
@ep1984m-words	@ep1984m	88.624	88.9	нет
@ep1984m-words	@ep1984m	88.9	89.121	в
@ep1984m-words	@ep1984m	89.121	89.342	отличие
@ep1984m-words	@ep1984m	89.342	89.563	от
@ep1984m-words	@ep1984m	89.563	89.784	тебя
@ep1984m-words	@ep1984m	89.784	90.005	я
@ep1984m-words	@ep1984m	90.005	90.226	конституцию
@ep1984m-words	@ep1984m	90.226	90.447	Украины
@ep1984m-words	@ep1984m	90.447	90.67	читал
@ep1984m-words	@ep1984m	90.88	91.113	ну
@ep1984m-words	@ep1984m	91.113	91.346	и
@ep1984m-words	@ep1984m	91.346	91.58	то
@ep1984m-words	@ep1984m	93.16	93.483	#одновременно#
@ep1984m-words	@ep1984m	93.483	93.806	эта
@ep1984m-words	@ep1984m	93.806	94.129	статья
@ep1984m-words	@ep1984m	94.129	94.452	[нрзб]
@ep1984m-words	@ep1984m	94.452	94.775	не
@ep1984m-words	@ep1984m	94.775	95.1	менялась
@ep1984m-words	@ep1984m	95.1	95.485	эта
@ep1984m-words	@ep1984m	95.485	95.87	статья
@ep1984m-words	@ep1984m	95.87	96.255	была
@ep1984m-words	@ep1984m	96.255	96.64	принята
@ep1984m-words	@ep1984m	96.64	97.025	великим
@ep1984m-words	@ep1984m	97.025	97.41	украинским
@ep1984m-words	@ep1984m	97.41	97.8	народом
@ep1984m-words	@ep1984m	116.6	117.07	э...
@ep1984m-words	@ep1984m	117.07	117.54	это
@ep1984m-words	@ep1984m	117.54	118.01	типичный
@ep1984m-words	@ep1984m	118.01	118.48	прием...
@ep1984m-words	@ep1984m	118.48	118.95	приём
@ep1984m-words	@ep1984m	118.95	119.42	тупой
@ep1984m-words	@ep1984m	119.42	119.89	полемики
@ep1984m-words	@ep1984m	119.89	120.36	/
@ep1984m-words	@ep1984m	120.36	120.83	когда
@ep1984m-words	@ep1984m	120.83	121.3	[нрзб]
@ep1984m-words	@ep1984m	121.3	121.77	для
@ep1984m-words	@ep1984m	121.77	122.24	обсуждения
@ep1984m-words	@ep1984m	128.46	128.8	#одновременно#
@ep1984m-words	@ep1984m	128.8	129.14	какие
@ep1984m-words	@ep1984m	129.14	129.48	люди
@ep1984m-words	@ep1984m	129.48	130.105	господа
@ep1984m-words	@ep1984m	130.105	130.73	[нрзб]
@ep1984m-words	@ep1984m	131.45	131.765	#одновременно#
@ep1984m-words	@ep1984m	131.765	132.08	как
@ep1984m-words	@ep1984m	132.08	132.395	раз
@ep1984m-words	@ep1984m	132.395	132.71	русскому
@ep1984m-words	@ep1984m	132.71	133.025	народу
@ep1984m-words	@ep1984m	133.025	133.34	я
@ep1984m-words	@ep1984m	133.34	133.655	ниче
@ep1984m-words	@ep1984m	133.655	133.97	не
@ep1984m-words	@ep1984m	133.97	134.29	предъявляю
@ep1984m-words	@ep1984m	134.34	134.632	и
@ep1984m-words	@ep1984m	134.632	134.924	даже
@ep1984m-words	@ep1984m	134.924	135.216	украинскому
@ep1984m-words	@ep1984m	135.216	135.508	народу
@ep1984m-words	@ep1984m	135.508	135.8	я
@ep1984m-words	@ep1984m	135.8	136.092	ничё
@ep1984m-words	@ep1984m	136.092	136.384	не
@ep1984m-words	@ep1984m	136.384	136.68	предъявляю
@ep1984m-words	@ep1984m	138.58	138.866	кто
@ep1984m-words	@ep1984m	138.866	139.152	кого
@ep1984m-words	@ep1984m	139.152	139.44	давит
@ep1984m-words	@ep1984m	144.64	144.905	#одновременно#
@ep1984m-words	@ep1984m	144.905	145.17	а
@ep1984m-words	@ep1984m	145.17	145.435	какое
@ep1984m-words	@ep1984m	145.435	145.7	это
@ep1984m-words	@ep1984m	145.7	145.965	отно...
@ep1984m-words	@ep1984m	145.965	146.23	а
@ep1984m-words	@ep1984m	146.23	146.495	какое
@ep1984m-words	@ep1984m	146.495	146.76	отношение
@ep1984m-words	@ep1984m	146.76	147.025	это
@ep1984m-words	@ep1984m	147.025	147.29	имеет
@ep1984m-words	@ep1984m	147.29	147.555	/
@ep1984m-words	@ep1984m	147.555	147.82	прости
@ep1984m-words	@ep1984m	147.82	148.085	меня
@ep1984m-words	@ep1984m	148.085	148.35	а
@ep1984m-words	@ep1984m	148.35	148.615	какое
@ep1984m-words	@ep1984m	148.615	148.88	отношение
@ep1984m-words	@ep1984m	148.88	149.145	это
@ep1984m-words	@ep1984m	149.145	149.41	имеет
@ep1984m-words	@ep1984m	149.41	149.675	к
@ep1984m-words	@ep1984m	149.675	149.94	закрытому
@ep1984m-words	@ep1984m	149.94	150.205	списку
@ep1984m-words	@ep1984m	150.205	150.47	пунктов
@ep1984m-words	@ep1984m	150.47	150.735	по
@ep1984m-words	@ep1984m	150.735	151.0	импичменту
@ep1984m-words	@ep1984m	151.0	151.265	в
@ep1984m-words	@ep1984m	151.265	151.53	украинской
@ep1984m-words	@ep1984m	151.53	151.795	конституции
@ep1984m-words	@ep1984m	151.795	152.06	/
@ep1984m-words	@ep1984m	152.06	152.325	это
@ep1984m-words	@ep1984m	152.325	152.59	Путин
@ep1984m-words	@ep1984m	152.59	152.855	[нрзб]
@ep1984m-words	@ep1984m	152.855	153.12	это
@ep1984m-words	@ep1984m	153.12	153.385	Путин
@ep1984m-words	@ep1984m	153.385	153.65	написал
@ep1984m-words	@ep1984m	157.62	157.988	#одновременно#
@ep1984m-words	@ep1984m	157.988	158.356	каким
@ep1984m-words	@ep1984m	158.356	158.724	именно
@ep1984m-words	@ep1984m	158.724	159.092	номенклатурным
@ep1984m-words	@ep1984m	159.092	159.46	классом
@ep1984m-words	@ep1984m	162.79	163.154	то
@ep1984m-words	@ep1984m	163.154	163.518	есть
@ep1984m-words	@ep1984m	163.518	163.882	ты
@ep1984m-words	@ep1984m	163.882	164.246	[нрзб]
@ep1984m-words	@ep1984m	164.246	164.61	то
@ep1984m-words	@ep1984m	164.61	164.974	есть
@ep1984m-words	@ep1984m	164.974	165.338	ты
@ep1984m-words	@ep1984m	165.338	165.702	/
@ep1984m-words	@ep1984m	165.702	166.066	то
@ep1984m-words	@ep1984m	166.066	166.43	есть
@ep1984m-words	@ep1984m	166.74	167.101	нет
@ep1984m-words	@ep1984m	167.101	167.462	э
@ep1984m-words	@ep1984m	167.462	167.823	/
@ep1984m-words	@ep1984m	167.823	168.184	подожди
@ep1984m-words	@ep1984m	168.184	168.545	/
@ep1984m-words	@ep1984m	168.545	168.906	ты
@ep1984m-words	@ep1984m	168.906	169.267	мне
@ep1984m-words	@ep1984m	169.267	169.628	щас
@ep1984m-words	@ep1984m	169.628	169.989	пытаешься
@ep1984m-words	@ep1984m	169.989	170.35	[нрзб]
@ep1984m-words	@ep1984m	171.65	172.425	[нрзб]
@ep1984m-words	@ep1984m	172.43	173.02	[нрзб]
@ep1984m-words	@ep1984m	177.27	177.532	#одновременно#
@ep1984m-words	@ep1984m	177.532	177.794	[нрзб]
@ep1984m-words	@ep1984m	177.794	178.056	это
@ep1984m-words	@ep1984m	178.056	178.318	/
@ep1984m-words	@ep1984m	178.318	178.58	нет
@ep1984m-words	@ep1984m	178.58	178.842	господа
@ep1984m-words	@ep1984m	178.842	179.104	простите
@ep1984m-words	@ep1984m	179.104	179.366	это
@ep1984m-words	@ep1984m	179.366	179.628	вы
@ep1984m-words	@ep1984m	179.628	179.89	счит...
@ep1984m-words	@ep1984m	179.89	180.152	господа
@ep1984m-words	@ep1984m	180.152	180.414	простите
@ep1984m-words	@ep1984m	180.414	180.676	это
@ep1984m-words	@ep1984m	180.676	180.938	вы
@ep1984m-words	@ep1984m	180.938	181.2	считаете
@ep1984m-words	@ep1984m	181.2	181.462	что
@ep1984m-words	@ep1984m	181.462	181.724	как
@ep1984m-words	@ep1984m	181.724	181.986	бы
@ep1984m-words	@ep1984m	181.986	182.248	есть
@ep1984m-words	@ep1984m	182.248	182.51	какая-то
@ep1984m-words	@ep1984m	182.51	182.772	Украина
@ep1984m-words	@ep1984m	182.772	183.034	у
@ep1984m-words	@ep1984m	183.034	183.296	которой
@ep1984m-words	@ep1984m	183.296	183.558	там
@ep1984m-words	@ep1984m	183.558	183.82	есть
@ep1984m-words	@ep1984m	183.82	184.082	какая-то
@ep1984m-words	@ep1984m	184.082	184.344	конституция
@ep1984m-words	@ep1984m	184.344	184.606	какой-то
@ep1984m-words	@ep1984m	184.606	184.88	народ
@ep1984m-words	@ep1984m	184.88	185.221	ты
@ep1984m-words	@ep1984m	185.221	185.562	/
@ep1984m-words	@ep1984m	185.562	185.903	определись
@ep1984m-words	@ep1984m	185.903	186.244	/
@ep1984m-words	@ep1984m	186.244	186.585	то
@ep1984m-words	@ep1984m	186.585	186.926	ли
@ep1984m-words	@ep1984m	186.926	187.267	либо
@ep1984m-words	@ep1984m	187.267	187.608	как...
@ep1984m-words	@ep1984m	187.608	187.949	то
@ep1984m-words	@ep1984m	187.949	188.29	ли
@ep1984m-words	@ep1984m	188.29	188.631	все
@ep1984m-words	@ep1984m	188.631	188.972	эти
@ep1984m-words	@ep1984m	188.972	189.313	конституции
@ep1984m-words	@ep1984m	189.313	189.654	это
@ep1984m-words	@ep1984m	189.654	189.995	бумажки
@ep1984m-words	@ep1984m	189.995	190.336	/
@ep1984m-words	@ep1984m	190.336	190.677	написанные
@ep1984m-words	@ep1984m	190.677	191.018	номенклатурным
@ep1984m-words	@ep1984m	191.018	191.359	классом
@ep1984m-words	@ep1984m	191.359	191.7	/
@ep1984m-words	@ep1984m	191.7	192.05	чтобы
@ep1984m-words	@ep1984m	195.11	195.31	а
@ep1984m-words	@ep1984m	195.31	195.51	в
@ep1984m-words	@ep1984m	195.51	195.71	советских
@ep1984m-words	@ep1984m	195.71	195.91	ну
@ep1984m-words	@ep1984m	195.91	196.11	как
@ep1984m-words	@ep1984m	196.11	196.31	бы
@ep1984m-words	@ep1984m	196.31	196.51	СССР-то
@ep1984m-words	@ep1984m	196.51	196.71	как
@ep1984m-words	@ep1984m	196.71	196.91	бы
@ep1984m-words	@ep1984m	198.23	198.486	то
@ep1984m-words	@ep1984m	198.486	198.742	есть
@ep1984m-words	@ep1984m	198.742	198.998	получается
@ep1984m-words	@ep1984m	198.998	199.254	что
@ep1984m-words	@ep1984m	199.254	199.51	как
@ep1984m-words	@ep1984m	199.51	199.766	бы
@ep1984m-words	@ep1984m	199.766	200.022	/
@ep1984m-words	@ep1984m	200.022	200.278	УкрАинская
@ep1984m-words	@ep1984m	200.278	200.534	республика
@ep1984m-words	@ep1984m	200.534	200.79	создана
@ep1984m-words	@ep1984m	200.79	201.046	какой-то
@ep1984m-words	@ep1984m	201.046	201.302	номенклатурой
@ep1984m-words	@ep1984m	201.302	201.558	/
@ep1984m-words	@ep1984m	201.558	201.814	я
@ep1984m-words	@ep1984m	201.814	202.07	правильно
@ep1984m-words	@ep1984m	202.07	202.33	понял
@ep1984m-words	@ep1984m	202.96	203.13	то
@ep1984m-words	@ep1984m	203.13	203.3	есть
@ep1984m-words	@ep1984m	203.3	203.47	ты
@ep1984m-words	@ep1984m	203.53	203.743	то
@ep1984m-words	@ep1984m	203.743	203.956	есть
@ep1984m-words	@ep1984m	203.956	204.169	ты
@ep1984m-words	@ep1984m	204.169	204.382	щас
@ep1984m-words	@ep1984m	204.382	204.595	как
@ep1984m-words	@ep1984m	204.595	204.808	бы
@ep1984m-words	@ep1984m	204.808	205.021	пересказываешь
@ep1984m-words	@ep1984m	205.021	205.234	Спутник
@ep1984m-words	@ep1984m	205.234	205.447	и
@ep1984m-words	@ep1984m	205.447	205.66	Погром
@ep1984m-words	@ep1984m	205.98	206.267	только
@ep1984m-words	@ep1984m	206.267	206.554	у
@ep1984m-words	@ep1984m	206.554	206.841	тебя
@ep1984m-words	@ep1984m	206.841	207.128	дальше
@ep1984m-words	@ep1984m	207.128	207.415	из
@ep1984m-words	@ep1984m	207.415	207.702	этого
@ep1984m-words	@ep1984m	207.702	207.989	/
@ep1984m-words	@ep1984m	207.989	208.276	вместо
@ep1984m-words	@ep1984m	208.276	208.563	логического
@ep1984m-words	@ep1984m	208.563	208.85	вывода
@ep1984m-words	@ep1984m	208.85	209.137	ну
@ep1984m-words	@ep1984m	209.137	209.424	и
@ep1984m-words	@ep1984m	209.424	209.711	хрен
@ep1984m-words	@ep1984m	209.711	209.998	с
@ep1984m-words	@ep1984m	209.998	210.285	ней
@ep1984m-words	@ep1984m	210.285	210.572	с
@ep1984m-words	@ep1984m	210.572	210.859	УкрАинской
@ep1984m-words	@ep1984m	210.859	211.146	республикой
@ep1984m-words	@ep1984m	211.146	211.433	/
@ep1984m-words	@ep1984m	211.433	211.72	она
@ep1984m-words	@ep1984m	211.72	212.007	ж
@ep1984m-words	@ep1984m	212.007	212.294	как
@ep1984m-words	@ep1984m	212.294	212.581	бы
@ep1984m-words	@ep1984m	212.581	212.868	не
@ep1984m-words	@ep1984m	212.868	213.155	имеет
@ep1984m-words	@ep1984m	213.155	213.442	никаких
@ep1984m-words	@ep1984m	213.442	213.729	/
@ep1984m-words	@ep1984m	213.729	214.016	никакого
@ep1984m-words	@ep1984m	214.016	214.303	права
@ep1984m-words	@ep1984m	214.303	214.59	на
@ep1984m-words	@ep1984m	214.59	214.877	существование
@ep1984m-words	@ep1984m	214.877	215.19	[нрзб]
@ep1984m-words	@ep1984m	217.15	217.516	#одновременно#
@ep1984m-words	@ep1984m	217.516	217.882	нет
@ep1984m-words	@ep1984m	217.882	218.25	подожди
@ep1984m-words	@ep1984m	218.27	218.746	а
@ep1984m-words	@ep1984m	218.746	219.222	порошенковская
@ep1984m-words	@ep1984m	219.222	219.7	Украина
@ep1984m-words	@ep1984m	231.53	233.13	[нрзб]
@ep1984m-words	@ep1984m	233.13	233.61	[нрзб]
@ep1984m-words	@ep1984m	233.61	234.09	я...
@ep1984m-words	@ep1984m	234.09	234.57	я
@ep1984m-words	@ep1984m	234.57	235.05	понял
@ep1984m-words	@ep1984m	235.05	235.53	что
@ep1984m-words	@ep1984m	235.53	236.01	вы
@ep1984m-words	@ep1984m	236.01	236.49	поддерживаете
@ep1984m-words	@ep1984m	236.49	236.97	дегенератов
@ep1984m-words	@ep1984m	236.97	237.45	из
@ep1984m-words	@ep1984m	237.45	237.93	украинских
@ep1984m-words	@ep1984m	237.93	238.41	/
@ep1984m-words	@ep1984m	238.41	238.9	нацпартий
@ep1984m-words	@ep1984m	239.45	239.693	#одновременно#
@ep1984m-words	@ep1984m	239.693	239.936	[нрзб]
@ep1984m-words	@ep1984m	239.936	240.179	господа
@ep1984m-words	@ep1984m	240.179	240.422	вы
@ep1984m-words	@ep1984m	240.422	240.665	со
@ep1984m-words	@ep1984m	240.665	240.908	мной
@ep1984m-words	@ep1984m	240.908	241.151	говорили
@ep1984m-words	@ep1984m	241.151	241.394	про
@ep1984m-words	@ep1984m	241.394	241.64	Украину
@ep1984m-words	@ep1984m	242.06	243.775	#одновременно#
@ep1984m-words	@ep1984m	243.775	245.49	[нрзб]
@ep1984m-words	@ep1984m	245.49	245.747	а
@ep1984m-words	@ep1984m	245.747	246.004	зачем
@ep1984m-words	@ep1984m	246.004	246.261	поддерживать
@ep1984m-words	@ep1984m	246.261	246.518	украинский
@ep1984m-words	@ep1984m	246.518	246.775	народ
@ep1984m-words	@ep1984m	246.775	247.032	если
@ep1984m-words	@ep1984m	247.032	247.289	его
@ep1984m-words	@ep1984m	247.289	247.546	не
@ep1984m-words	@ep1984m	247.546	247.81	существует
@ep1984m-words	@ep1984m	250.45	250.892	ну
@ep1984m-words	@ep1984m	250.892	251.334	так
@ep1984m-words	@ep1984m	251.334	251.776	а
@ep1984m-words	@ep1984m	251.776	252.218	[нрзб]
@ep1984m-words	@ep1984m	252.218	252.66	прости
@ep1984m-words	@ep1984m	252.66	253.102	меня
@ep1984m-words	@ep1984m	253.102	253.544	но
@ep1984m-words	@ep1984m	253.544	253.986	как
@ep1984m-words	@ep1984m	253.986	254.428	бы
@ep1984m-words	@ep1984m	254.428	254.87	[нрзб]
@ep1984m-words	@ep1984m	256.69	256.933	п...
@ep1984m-words	@ep1984m	256.933	257.176	п...
@ep1984m-words	@ep1984m	257.176	257.419	п...
@ep1984m-words	@ep1984m	257.419	257.662	прости
@ep1984m-words	@ep1984m	257.662	257.905	как
@ep1984m-words	@ep1984m	257.905	258.148	бы
@ep1984m-words	@ep1984m	258.148	258.391	/
@ep1984m-words	@ep1984m	258.391	258.634	поддерживать
@ep1984m-words	@ep1984m	258.634	258.877	русский
@ep1984m-words	@ep1984m	258.877	259.12	народ
@ep1984m-words	@ep1984m	259.12	259.363	на
@ep1984m-words	@ep1984m	259.363	259.606	Украине
@ep1984m-words	@ep1984m	259.606	259.849	очень
@ep1984m-words	@ep1984m	259.849	260.092	просто
@ep1984m-words	@ep1984m	260.092	260.335	надо
@ep1984m-words	@ep1984m	260.335	260.578	выступать
@ep1984m-words	@ep1984m	260.578	260.821	за
@ep1984m-words	@ep1984m	260.821	261.064	ликвидацию
@ep1984m-words	@ep1984m	261.064	261.31	Украины
@ep1984m-words	@ep1984m	261.31	261.566	тогда
@ep1984m-words	@ep1984m	261.566	261.822	русский
@ep1984m-words	@ep1984m	261.822	262.078	народ
@ep1984m-words	@ep1984m	262.078	262.334	живущий
@ep1984m-words	@ep1984m	262.334	262.59	на
@ep1984m-words	@ep1984m	262.59	262.846	Украине
@ep1984m-words	@ep1984m	262.846	263.102	начнёт
@ep1984m-words	@ep1984m	263.102	263.358	жить
@ep1984m-words	@ep1984m	263.358	263.614	очень
@ep1984m-words	@ep1984m	263.614	263.87	хорошо
@ep1984m-words	@ep1984m	264.99	265.226	#одновременно#
@ep1984m-words	@ep1984m	265.226	265.462	потому
@ep1984m-words	@ep1984m	265.462	265.7	что
@ep1984m-words	@ep1984m	270.79	271.28	ззз...
@ep1984m-words	@ep1984m	274.11	274.61	#одновременно#
@ep1984m-words	@ep1984m	274.61	275.11	[нрзб]
@ep1984m-words	@ep1984m	275.11	275.652	зачем
@ep1984m-words	@ep1984m	275.652	276.194	белых-то
@ep1984m-words	@ep1984m	276.194	276.736	людей
@ep1984m-words	@ep1984m	276.736	277.278	с
@ep1984m-words	@ep1984m	277.278	277.82	Сомали
@ep1984m-words	@ep1984m	277.82	278.362	/
@ep1984m-words	@ep1984m	278.362	278.904	эвакуировать
@ep1984m-words	@ep1984m	278.904	279.446	правильно
@ep1984m-words	@ep1984m	279.446	279.988	[нрзб]
@ep1984m-words	@ep1984m	279.988	280.53	живут
@ep1984m-words	@ep1984m	280.99	281.299	эвакуировать
@ep1984m-words	@ep1984m	281.299	281.608	в
@ep1984m-words	@ep1984m	281.608	281.917	Россию
@ep1984m-words	@ep1984m	281.917	282.226	посредством
@ep1984m-words	@ep1984m	282.226	282.535	передвижения
@ep1984m-words	@ep1984m	282.535	282.844	к
@ep1984m-words	@ep1984m	282.844	283.153	ним
@ep1984m-words	@ep1984m	283.153	283.462	России
@ep1984m-words	@ep1984m	283.462	283.771	/
@ep1984m-words	@ep1984m	283.771	284.08	ну
@ep1984m-words	@ep1984m	284.08	284.389	это
@ep1984m-words	@ep1984m	284.389	284.698	очень
@ep1984m-words	@ep1984m	284.698	285.01	просто
@ep1984m-words	@ep1984m	287.15	287.89	нет
@ep1984m-words	@ep1984m	288.87	289.37	политически
@ep1984m-words	@ep1984m	289.37	289.87	нет
@ep1984m-words	@ep1984m	289.87	290.122	с
@ep1984m-words	@ep1984m	290.122	290.374	точки
@ep1984m-words	@ep1984m	290.374	290.626	зрения
@ep1984m-words	@ep1984m	290.626	290.878	же
@ep1984m-words	@ep1984m	290.878	291.13	уровня
@ep1984m-words	@ep1984m	291.13	291.382	жизни
@ep1984m-words	@ep1984m	291.382	291.634	/
@ep1984m-words	@ep1984m	291.634	291.886	российский
@ep1984m-words	@ep1984m	291.886	292.138	подушевой
@ep1984m-words	@ep1984m	292.138	292.39	ВВП
@ep1984m-words	@ep1984m	292.39	292.642	в
@ep1984m-words	@ep1984m	292.642	292.894	три
@ep1984m-words	@ep1984m	292.894	293.146	или
@ep1984m-words	@ep1984m	293.146	293.398	даже
@ep1984m-words	@ep1984m	293.398	293.65	уже
@ep1984m-words	@ep1984m	293.65	293.902	в
@ep1984m-words	@ep1984m	293.902	294.154	четыре
@ep1984m-words	@ep1984m	294.154	294.406	раза
@ep1984m-words	@ep1984m	294.406	294.658	выше
@ep1984m-words	@ep1984m	294.658	294.91	укрАинского
@ep1984m-words	@ep1984m	294.91	295.162	/
@ep1984m-words	@ep1984m	295.162	295.414	это
@ep1984m-words	@ep1984m	295.414	295.666	ну
@ep1984m-words	@ep1984m	295.666	295.918	просто
@ep1984m-words	@ep1984m	295.918	296.17	несравнимые
@ep1984m-words	@ep1984m	296.17	296.44	величИны
@ep1984m-words	@ep1984m	296.44	296.726	то
@ep1984m-words	@ep1984m	296.726	297.012	есть
@ep1984m-words	@ep1984m	297.012	297.298	вы
@ep1984m-words	@ep1984m	297.298	297.584	выступаете
@ep1984m-words	@ep1984m	297.584	297.87	за
@ep1984m-words	@ep1984m	297.87	298.156	то
@ep1984m-words	@ep1984m	298.156	298.442	что
@ep1984m-words	@ep1984m	298.442	298.728	вот
@ep1984m-words	@ep1984m	298.728	299.014	надо
@ep1984m-words	@ep1984m	299.014	299.3	/
@ep1984m-words	@ep1984m	299.3	299.586	и
@ep1984m-words	@ep1984m	299.586	299.872	дальше
@ep1984m-words	@ep1984m	299.872	300.158	русских
@ep1984m-words	@ep1984m	300.158	300.444	держать
@ep1984m-words	@ep1984m	300.444	300.73	в
@ep1984m-words	@ep1984m	300.73	301.016	какой-то
@ep1984m-words	@ep1984m	301.016	301.302	ебучей
@ep1984m-words	@ep1984m	301.302	301.588	восточноевропейской
@ep1984m-words	@ep1984m	301.588	301.88	Африке
@ep1984m-words	@ep1984m	306.61	306.81	#одновременно#
@ep1984m-words	@ep1984m	306.81	307.01	сосать
@ep1984m-words	@ep1984m	307.01	307.21	хуй
@ep1984m-words	@ep1984m	307.67	307.946	и
@ep1984m-words	@ep1984m	307.946	308.222	сосать
@ep1984m-words	@ep1984m	308.222	308.5	хуй
@ep1984m-words	@ep1984m	309.58	310.08	#одновременно#
@ep1984m-words	@ep1984m	310.08	310.58	[нрзб]
@ep1984m-words	@ep1984m	321.19	321.663	вы
@ep1984m-words	@ep1984m	321.663	322.136	сейчас
@ep1984m-words	@ep1984m	322.136	322.609	пытаетесь
@ep1984m-words	@ep1984m	322.609	323.082	мне
@ep1984m-words	@ep1984m	323.082	323.555	утверждать
@ep1984m-words	@ep1984m	323.555	324.028	/
@ep1984m-words	@ep1984m	324.028	324.501	что
@ep1984m-words	@ep1984m	324.501	324.974	разваливающийся
@ep1984m-words	@ep1984m	324.974	325.447	олигархический
@ep1984m-words	@ep1984m	325.447	325.92	failed
@ep1984m-words	@ep1984m	325.92	326.393	state
@ep1984m-words	@ep1984m	326.393	326.866	лучше
@ep1984m-words	@ep1984m	326.866	327.339	/
@ep1984m-words	@ep1984m	327.339	327.812	авторитарной
@ep1984m-words	@ep1984m	327.812	328.285	неосоветской
@ep1984m-words	@ep1984m	328.285	328.77	диктатуры
@ep1984m-words	@ep1984m	330.75	331.66	чем
@ep1984m-words	@ep1984m	335.19	335.752	ну...
@ep1984m-words	@ep1984m	335.752	336.314	[нрзб]
@ep1984m-words	@ep1984m	336.314	336.876	прости
@ep1984m-words	@ep1984m	336.876	337.438	меня
@ep1984m-words	@ep1984m	337.438	338.0	[нрзб]
@ep1984m-words	@ep1984m	341.94	342.153	#одновременно#
@ep1984m-words	@ep1984m	342.153	342.366	ну
@ep1984m-words	@ep1984m	342.366	342.579	да
@ep1984m-words	@ep1984m	342.579	342.792	там
@ep1984m-words	@ep1984m	342.792	343.005	просто
@ep1984m-words	@ep1984m	343.005	343.218	/
@ep1984m-words	@ep1984m	343.218	343.431	есть
@ep1984m-words	@ep1984m	343.431	343.644	как
@ep1984m-words	@ep1984m	343.644	343.86	[нрзб]
@ep1984m-words	@ep1984m	345.57	345.914	ну
@ep1984m-words	@ep1984m	345.914	346.258	да
@ep1984m-words	@ep1984m	346.258	346.602	там
@ep1984m-words	@ep1984m	346.602	346.946	просто
@ep1984m-words	@ep1984m	346.946	347.29	/
@ep1984m-words	@ep1984m	347.29	347.634	есть
@ep1984m-words	@ep1984m	347.634	347.978	как
@ep1984m-words	@ep1984m	347.978	348.322	бы
@ep1984m-words	@ep1984m	348.322	348.67	[нрзб]
@ms1985m-words	@mp1985m	21.12	21.391	да
@ms1985m-words	@mp1985m	21.391	21.662	пожалуйста
@ms1985m-words	@mp1985m	21.662	21.933	я
@ms1985m-words	@mp1985m	21.933	22.204	это
@ms1985m-words	@mp1985m	22.204	22.475	оставлю
@ms1985m-words	@mp1985m	22.475	22.746	в
@ms1985m-words	@mp1985m	22.746	23.017	финальном
@ms1985m-words	@mp1985m	23.017	23.29	кате
@ms1985m-words	@mp1985m	40.83	41.144	нет
@ms1985m-words	@mp1985m	41.144	41.458	/
@ms1985m-words	@mp1985m	41.458	41.772	каких
@ms1985m-words	@mp1985m	41.772	42.086	активных
@ms1985m-words	@mp1985m	42.086	42.4	перемен
@ms1985m-words	@mp1985m	42.4	42.714	/
@ms1985m-words	@mp1985m	42.714	43.028	мы
@ms1985m-words	@mp1985m	43.028	43.342	не
@ms1985m-words	@mp1985m	43.342	43.656	говорим
@ms1985m-words	@mp1985m	43.656	43.97	об
@ms1985m-words	@mp1985m	43.97	44.284	активных
@ms1985m-words	@mp1985m	44.284	44.598	переменах
@ms1985m-words	@mp1985m	44.598	44.912	/
@ms1985m-words	@mp1985m	44.912	45.226	мы
@ms1985m-words	@mp1985m	45.226	45.54	говорим
@ms1985m-words	@mp1985m	45.54	45.854	о
@ms1985m-words	@mp1985m	45.854	46.168	начавшихся
@ms1985m-words	@mp1985m	46.168	46.482	военных
@ms1985m-words	@mp1985m	46.482	46.796	действиях
@ms1985m-words	@mp1985m	46.796	47.11	/
@ms1985m-words	@mp1985m	47.11	47.424	которые
@ms1985m-words	@mp1985m	47.424	47.738	спровоцировала
@ms1985m-words	@mp1985m	47.738	48.052	российская
@ms1985m-words	@mp1985m	48.052	48.38	сторона
@ms1985m-words	@mp1985m	55.02	55.295	не
@ms1985m-words	@mp1985m	55.295	55.57	гражданская
@ms1985m-words	@mp1985m	55.57	55.845	/
@ms1985m-words	@mp1985m	55.845	56.12	а
@ms1985m-words	@mp1985m	56.12	56.395	захватническая
@ms1985m-words	@mp1985m	56.395	56.67	/
@ms1985m-words	@mp1985m	56.67	56.945	давай
@ms1985m-words	@mp1985m	56.945	57.22	своими
@ms1985m-words	@mp1985m	57.22	57.5	именами
@ms1985m-words	@mp1985m	91.88	92.238	давай
@ms1985m-words	@mp1985m	92.238	92.596	мы
@ms1985m-words	@mp1985m	92.596	92.954	не
@ms1985m-words	@mp1985m	92.954	93.312	будем
@ms1985m-words	@mp1985m	93.312	93.67	защищать
@ms1985m-words	@mp1985m	93.67	94.028	конституцию
@ms1985m-words	@mp1985m	94.028	94.386	которая
@ms1985m-words	@mp1985m	94.386	94.744	была
@ms1985m-words	@mp1985m	94.744	95.102	непонятно
@ms1985m-words	@mp1985m	95.102	95.46	кем
@ms1985m-words	@mp1985m	95.46	95.82	написана
@ms1985m-words	@mp1985m	95.82	96.4	кот...
@ms1985m-words	@mp1985m	96.4	96.98	кот...
@ms1985m-words	@mp1985m	96.98	97.295	нет
@ms1985m-words	@mp1985m	97.295	97.61	она
@ms1985m-words	@mp1985m	97.61	97.925	была
@ms1985m-words	@mp1985m	97.925	98.24	при...
@ms1985m-words	@mp1985m	98.24	98.555	принята
@ms1985m-words	@mp1985m	98.555	98.87	в
@ms1985m-words	@mp1985m	98.87	99.185	результате
@ms1985m-words	@mp1985m	99.185	99.5	номенклатурного
@ms1985m-words	@mp1985m	99.5	99.815	переворота
@ms1985m-words	@mp1985m	99.815	100.13	девяностых
@ms1985m-words	@mp1985m	100.13	100.445	годов
@ms1985m-words	@mp1985m	100.445	100.76	/
@ms1985m-words	@mp1985m	100.76	101.075	который
@ms1985m-words	@mp1985m	101.075	101.39	[нрзб]
@ms1985m-words	@mp1985m	101.39	101.705	произошёл
@ms1985m-words	@mp1985m	101.705	102.02	как
@ms1985m-words	@mp1985m	102.02	102.335	в
@ms1985m-words	@mp1985m	102.335	102.65	России
@ms1985m-words	@mp1985m	102.65	102.965	/
@ms1985m-words	@mp1985m	102.965	103.28	так
@ms1985m-words	@mp1985m	103.28	103.595	и
@ms1985m-words	@mp1985m	103.595	103.91	на
@ms1985m-words	@mp1985m	103.91	104.225	Украине
@ms1985m-words	@mp1985m	104.225	104.54	/
@ms1985m-words	@mp1985m	104.54	104.855	абсолютно
@ms1985m-words	@mp1985m	104.855	105.17	филькина
@ms1985m-words	@mp1985m	105.17	105.485	грамота
@ms1985m-words	@mp1985m	105.485	105.8	в
@ms1985m-words	@mp1985m	105.8	106.115	обоих
@ms1985m-words	@mp1985m	106.115	106.44	случаях
@ms1985m-words	@mp1985m	106.44	106.754	все
@ms1985m-words	@mp1985m	106.754	107.068	как
@ms1985m-words	@mp1985m	107.068	107.382	есть
@ms1985m-words	@mp1985m	107.382	107.696	покажем
@ms1985m-words	@mp1985m	107.696	108.01	/
@ms1985m-words	@mp1985m	108.01	108.324	и
@ms1985m-words	@mp1985m	108.324	108.638	покажем
@ms1985m-words	@mp1985m	108.638	108.952	в
@ms1985m-words	@mp1985m	108.952	109.266	частности
@ms1985m-words	@mp1985m	109.266	109.58	/
@ms1985m-words	@mp1985m	109.58	109.894	что
@ms1985m-words	@mp1985m	109.894	110.208	Егор
@ms1985m-words	@mp1985m	110.208	110.522	Просвирнин
@ms1985m-words	@mp1985m	110.522	110.836	сейчас
@ms1985m-words	@mp1985m	110.836	111.15	апеллирует
@ms1985m-words	@mp1985m	111.15	111.464	к...
@ms1985m-words	@mp1985m	111.464	111.778	к
@ms1985m-words	@mp1985m	111.778	112.092	зак...
@ms1985m-words	@mp1985m	112.092	112.406	к
@ms1985m-words	@mp1985m	112.406	112.72	закону
@ms1985m-words	@mp1985m	112.72	113.034	написанному
@ms1985m-words	@mp1985m	113.034	113.348	правящим
@ms1985m-words	@mp1985m	113.348	113.662	классом
@ms1985m-words	@mp1985m	113.662	113.976	для
@ms1985m-words	@mp1985m	113.976	114.29	русского
@ms1985m-words	@mp1985m	114.29	114.604	народа
@ms1985m-words	@mp1985m	114.604	114.918	как
@ms1985m-words	@mp1985m	114.918	115.232	к
@ms1985m-words	@mp1985m	115.232	115.546	легитимной
@ms1985m-words	@mp1985m	115.546	115.86	власти
@ms1985m-words	@mp1985m	115.86	116.174	над
@ms1985m-words	@mp1985m	116.174	116.488	этим
@ms1985m-words	@mp1985m	116.488	116.81	народом
@ms1985m-words	@mp1985m	116.81	116.935	#одновременно#
@ms1985m-words	@mp1985m	116.935	117.06	вот
@ms1985m-words	@mp1985m	117.06	117.185	/
@ms1985m-words	@mp1985m	117.185	117.31	ты
@ms1985m-words	@mp1985m	117.31	117.435	/
@ms1985m-words	@mp1985m	117.435	117.56	нет
@ms1985m-words	@mp1985m	117.56	117.685	/
@ms1985m-words	@mp1985m	117.685	117.81	по...
@ms1985m-words	@mp1985m	120.75	121.118	тупой
@ms1985m-words	@mp1985m	121.118	121.486	прием
@ms1985m-words	@mp1985m	121.486	121.854	полемики
@ms1985m-words	@mp1985m	121.854	122.222	/
@ms1985m-words	@mp1985m	122.222	122.59	это
@ms1985m-words	@mp1985m	122.59	122.958	когда
@ms1985m-words	@mp1985m	122.958	123.326	ты
@ms1985m-words	@mp1985m	123.326	123.694	/
@ms1985m-words	@mp1985m	123.694	124.062	сидя
@ms1985m-words	@mp1985m	124.062	124.43	на
@ms1985m-words	@mp1985m	124.43	124.798	[нрзб]
@ms1985m-words	@mp1985m	124.798	125.166	позициях
@ms1985m-words	@mp1985m	125.166	125.534	/
@ms1985m-words	@mp1985m	125.534	125.902	сейчас
@ms1985m-words	@mp1985m	125.902	126.27	/
@ms1985m-words	@mp1985m	126.27	126.638	предъя...
@ms1985m-words	@mp1985m	126.638	127.006	предъявляешь
@ms1985m-words	@mp1985m	127.006	127.374	людям
@ms1985m-words	@mp1985m	127.374	127.742	/
@ms1985m-words	@mp1985m	127.742	128.11	проявляешь
@ms1985m-words	@mp1985m	128.11	128.478	людям
@ms1985m-words	@mp1985m	128.478	128.846	соблюдение
@ms1985m-words	@mp1985m	128.846	129.214	какого-то
@ms1985m-words	@mp1985m	129.214	129.582	важного
@ms1985m-words	@mp1985m	129.582	129.96	закона
@ms1985m-words	@mp1985m	130.25	130.602	укрАинскому
@ms1985m-words	@mp1985m	130.602	130.954	и
@ms1985m-words	@mp1985m	130.954	131.306	русскому
@ms1985m-words	@mp1985m	131.306	131.658	народу
@ms1985m-words	@mp1985m	131.658	132.01	предъявляешь
@ms1985m-words	@mp1985m	132.01	132.362	соблюдение
@ms1985m-words	@mp1985m	132.362	132.714	важного
@ms1985m-words	@mp1985m	132.714	133.066	закона
@ms1985m-words	@mp1985m	133.066	133.418	/
@ms1985m-words	@mp1985m	133.418	133.77	который
@ms1985m-words	@mp1985m	133.77	134.122	для
@ms1985m-words	@mp1985m	134.122	134.474	них
@ms1985m-words	@mp1985m	134.474	134.826	написал
@ms1985m-words	@mp1985m	134.826	135.178	тот
@ms1985m-words	@mp1985m	135.178	135.53	самый
@ms1985m-words	@mp1985m	135.53	135.882	деспот
@ms1985m-words	@mp1985m	135.882	136.234	/
@ms1985m-words	@mp1985m	136.234	136.586	который
@ms1985m-words	@mp1985m	136.586	136.938	их
@ms1985m-words	@mp1985m	136.938	137.29	давит
@ms1985m-words	@mp1985m	137.29	137.642	понимаешь
@ms1985m-words	@mp1985m	137.642	137.994	вот
@ms1985m-words	@mp1985m	137.994	138.346	этим
@ms1985m-words	@mp1985m	138.346	138.698	вот
@ms1985m-words	@mp1985m	138.698	139.05	/
@ms1985m-words	@mp1985m	139.05	139.402	бесконечным
@ms1985m-words	@mp1985m	139.402	139.78	сапогом
@ms1985m-words	@mp1985m	139.85	140.152	Путин
@ms1985m-words	@mp1985m	140.152	140.454	поставил
@ms1985m-words	@mp1985m	140.454	140.756	Януковича
@ms1985m-words	@mp1985m	140.756	141.058	и
@ms1985m-words	@mp1985m	141.058	141.36	с
@ms1985m-words	@mp1985m	141.36	141.662	/
@ms1985m-words	@mp1985m	141.662	141.964	помощью
@ms1985m-words	@mp1985m	141.964	142.266	Януковича
@ms1985m-words	@mp1985m	142.266	142.568	давил
@ms1985m-words	@mp1985m	142.568	142.87	там
@ms1985m-words	@mp1985m	142.87	143.172	как
@ms1985m-words	@mp1985m	143.172	143.474	русский
@ms1985m-words	@mp1985m	143.474	143.776	так
@ms1985m-words	@mp1985m	143.776	144.078	и
@ms1985m-words	@mp1985m	144.078	144.38	укрАинский
@ms1985m-words	@mp1985m	144.38	144.69	народ
@ms1985m-words	@mp1985m	144.69	145.063	сейчас
@ms1985m-words	@mp1985m	145.063	145.436	давит
@ms1985m-words	@mp1985m	145.436	145.809	русский
@ms1985m-words	@mp1985m	145.809	146.182	народ
@ms1985m-words	@mp1985m	146.182	146.555	на
@ms1985m-words	@mp1985m	146.555	146.93	Донбассе
@ms1985m-words	@mp1985m	151.96	152.308	#одновременно#
@ms1985m-words	@mp1985m	152.308	152.656	прямое
@ms1985m-words	@mp1985m	152.656	153.004	/
@ms1985m-words	@mp1985m	153.004	153.352	прямое
@ms1985m-words	@mp1985m	153.352	153.7	/
@ms1985m-words	@mp1985m	153.7	154.048	что
@ms1985m-words	@mp1985m	154.048	154.396	закон
@ms1985m-words	@mp1985m	154.396	154.744	написан
@ms1985m-words	@mp1985m	154.744	155.092	таким
@ms1985m-words	@mp1985m	155.092	155.44	образом
@ms1985m-words	@mp1985m	155.44	155.788	номенклатурным
@ms1985m-words	@mp1985m	155.788	156.136	классом
@ms1985m-words	@mp1985m	156.136	156.484	чтобы
@ms1985m-words	@mp1985m	156.484	156.832	/
@ms1985m-words	@mp1985m	156.832	157.18	лишить
@ms1985m-words	@mp1985m	157.18	157.528	народ
@ms1985m-words	@mp1985m	157.528	157.876	/
@ms1985m-words	@mp1985m	157.876	158.224	чтобы
@ms1985m-words	@mp1985m	158.224	158.572	нараши...
@ms1985m-words	@mp1985m	158.572	158.92	лишить
@ms1985m-words	@mp1985m	158.92	159.268	народ
@ms1985m-words	@mp1985m	159.268	159.616	суверенитета
@ms1985m-words	@mp1985m	159.616	159.964	и
@ms1985m-words	@mp1985m	159.964	160.312	низвести
@ms1985m-words	@mp1985m	160.312	160.66	/
@ms1985m-words	@mp1985m	160.66	161.008	как
@ms1985m-words	@mp1985m	161.008	161.356	русский
@ms1985m-words	@mp1985m	161.356	161.704	так
@ms1985m-words	@mp1985m	161.704	162.052	и
@ms1985m-words	@mp1985m	162.052	162.4	украинский
@ms1985m-words	@mp1985m	162.4	162.748	народ
@ms1985m-words	@mp1985m	162.748	163.096	/
@ms1985m-words	@mp1985m	163.096	163.444	низвести
@ms1985m-words	@mp1985m	163.444	163.792	его
@ms1985m-words	@mp1985m	163.792	164.14	до
@ms1985m-words	@mp1985m	164.14	164.488	состояния
@ms1985m-words	@mp1985m	164.488	164.836	вассала
@ms1985m-words	@mp1985m	164.836	165.184	/
@ms1985m-words	@mp1985m	165.184	165.532	а
@ms1985m-words	@mp1985m	165.532	165.88	не
@ms1985m-words	@mp1985m	165.88	166.23	суверена
@ms1985m-words	@mp1985m	166.23	166.596	и
@ms1985m-words	@mp1985m	166.596	166.962	ты
@ms1985m-words	@mp1985m	166.962	167.328	сейчас
@ms1985m-words	@mp1985m	167.328	167.694	отстативаешь
@ms1985m-words	@mp1985m	167.694	168.06	позицию
@ms1985m-words	@mp1985m	168.06	168.426	что
@ms1985m-words	@mp1985m	168.426	168.792	народ
@ms1985m-words	@mp1985m	168.792	169.158	/
@ms1985m-words	@mp1985m	169.158	169.524	русский
@ms1985m-words	@mp1985m	169.524	169.89	народ
@ms1985m-words	@mp1985m	169.89	170.256	/
@ms1985m-words	@mp1985m	170.256	170.622	должен
@ms1985m-words	@mp1985m	170.622	170.988	оставаться
@ms1985m-words	@mp1985m	170.988	171.354	вассалом
@ms1985m-words	@mp1985m	171.354	171.72	а
@ms1985m-words	@mp1985m	171.72	172.086	не
@ms1985m-words	@mp1985m	172.086	172.46	сувереном
@ms1985m-words	@mp1985m	190.57	190.825	в
@ms1985m-words	@mp1985m	190.825	191.08	России
@ms1985m-words	@mp1985m	191.08	191.335	[нрзб]
@ms1985m-words	@mp1985m	191.335	191.59	как
@ms1985m-words	@mp1985m	191.59	191.845	в
@ms1985m-words	@mp1985m	191.845	192.1	России
@ms1985m-words	@mp1985m	192.1	192.355	так
@ms1985m-words	@mp1985m	192.355	192.61	и
@ms1985m-words	@mp1985m	192.61	192.865	на
@ms1985m-words	@mp1985m	192.865	193.12	Украине
@ms1985m-words	@mp1985m	193.12	193.38	да
@ms1985m-words	@mp1985m	193.82	194.222	в
@ms1985m-words	@mp1985m	194.222	194.624	постсоветских
@ms1985m-words	@mp1985m	194.624	195.026	странах
@ms1985m-words	@mp1985m	195.026	195.43	однозначно
@ms1985m-words	@mp1985m	195.43	195.68	#одновременно#
@ms1985m-words	@mp1985m	195.68	195.93	то
@ms1985m-words	@mp1985m	195.93	196.18	же
@ms1985m-words	@mp1985m	196.18	196.43	самое
@ms1985m-words	@mp1985m	202.39	202.657	как
@ms1985m-words	@mp1985m	202.657	202.924	и
@ms1985m-words	@mp1985m	202.924	203.191	Российская
@ms1985m-words	@mp1985m	203.191	203.46	Федерация
@ms1985m-words	@mp1985m	205.66	205.998	нет
@ms1985m-words	@mp1985m	205.998	206.336	я
@ms1985m-words	@mp1985m	206.336	206.674	пересказываю
@ms1985m-words	@mp1985m	206.674	207.012	тебе
@ms1985m-words	@mp1985m	207.012	207.35	щас
@ms1985m-words	@mp1985m	212.52	212.784	#одновременно#
@ms1985m-words	@mp1985m	212.784	213.048	нет
@ms1985m-words	@mp1985m	213.048	213.312	[нрзб]
@ms1985m-words	@mp1985m	213.312	213.576	нет
@ms1985m-words	@mp1985m	213.576	213.84	/
@ms1985m-words	@mp1985m	213.84	214.104	никакого
@ms1985m-words	@mp1985m	214.104	214.368	права
@ms1985m-words	@mp1985m	214.368	214.632	на
@ms1985m-words	@mp1985m	214.632	214.896	существование
@ms1985m-words	@mp1985m	214.896	215.16	не
@ms1985m-words	@mp1985m	215.16	215.424	имеет
@ms1985m-words	@mp1985m	215.424	215.688	путинская
@ms1985m-words	@mp1985m	215.688	215.952	Россия
@ms1985m-words	@mp1985m	215.952	216.216	/
@ms1985m-words	@mp1985m	216.216	216.48	давай
@ms1985m-words	@mp1985m	216.48	216.744	начнем
@ms1985m-words	@mp1985m	216.744	217.008	вот
@ms1985m-words	@mp1985m	217.008	217.272	с
@ms1985m-words	@mp1985m	217.272	217.536	этого
@ms1985m-words	@mp1985m	217.536	217.8	/
@ms1985m-words	@mp1985m	217.8	218.064	да
@ms1985m-words	@mp1985m	218.064	218.328	/
@ms1985m-words	@mp1985m	218.328	218.61	вот
@ms1985m-words	@mp1985m	219.86	220.14	я
@ms1985m-words	@mp1985m	220.14	220.42	/
@ms1985m-words	@mp1985m	220.42	220.7	слушай
@ms1985m-words	@mp1985m	220.7	220.98	/
@ms1985m-words	@mp1985m	220.98	221.26	меня
@ms1985m-words	@mp1985m	221.26	221.54	в
@ms1985m-words	@mp1985m	221.54	221.82	/
@ms1985m-words	@mp1985m	221.82	222.1	меня
@ms1985m-words	@mp1985m	222.1	222.38	в
@ms1985m-words	@mp1985m	222.38	222.66	ситуации
@ms1985m-words	@mp1985m	222.66	222.95	[нрзб]
@ms1985m-words	@mp1985m	223.28	223.544	не...
@ms1985m-words	@mp1985m	223.544	223.808	да
@ms1985m-words	@mp1985m	223.808	224.072	/
@ms1985m-words	@mp1985m	224.072	224.336	да
@ms1985m-words	@mp1985m	224.336	224.6	/
@ms1985m-words	@mp1985m	224.6	224.864	хорошо
@ms1985m-words	@mp1985m	224.864	225.128	/
@ms1985m-words	@mp1985m	225.128	225.392	мы
@ms1985m-words	@mp1985m	225.392	225.656	с
@ms1985m-words	@mp1985m	225.656	225.92	тобой
@ms1985m-words	@mp1985m	225.92	226.184	говорим
@ms1985m-words	@mp1985m	226.184	226.448	про
@ms1985m-words	@mp1985m	226.448	226.712	ра...
@ms1985m-words	@mp1985m	226.712	226.976	русский
@ms1985m-words	@mp1985m	226.976	227.24	национализм
@ms1985m-words	@mp1985m	227.24	227.504	/
@ms1985m-words	@mp1985m	227.504	227.768	а
@ms1985m-words	@mp1985m	227.768	228.032	не
@ms1985m-words	@mp1985m	228.032	228.296	про
@ms1985m-words	@mp1985m	228.296	228.56	Украину
@ms1985m-words	@mp1985m	228.56	228.824	/
@ms1985m-words	@mp1985m	228.824	229.088	черт
@ms1985m-words	@mp1985m	229.088	229.352	бы
@ms1985m-words	@mp1985m	229.352	229.616	с
@ms1985m-words	@mp1985m	229.616	229.88	этой
@ms1985m-words	@mp1985m	229.88	230.144	Украиной
@ms1985m-words	@mp1985m	230.144	230.43	понимаешь
@ms1985m-words	@mp1985m	241.32	241.596	мы
@ms1985m-words	@mp1985m	241.596	241.872	с
@ms1985m-words	@mp1985m	241.872	242.15	тобой
@ms1985m-words	@mp1985m	242.69	242.782	мы
@ms1985m-words	@mp1985m	242.782	242.874	пытаемся
@ms1985m-words	@mp1985m	242.874	242.966	от
@ms1985m-words	@mp1985m	242.966	243.058	тебя
@ms1985m-words	@mp1985m	243.058	243.15	[нрзб]
@ms1985m-words	@mp1985m	263.79	264.045	нет
@ms1985m-words	@mp1985m	264.045	264.3	он
@ms1985m-words	@mp1985m	264.3	264.555	начнёт
@ms1985m-words	@mp1985m	264.555	264.81	жить
@ms1985m-words	@mp1985m	264.81	265.065	очень
@ms1985m-words	@mp1985m	265.065	265.32	плохо
@ms1985m-words	@mp1985m	265.32	265.575	потому
@ms1985m-words	@mp1985m	265.575	265.83	что
@ms1985m-words	@mp1985m	265.83	266.085	он
@ms1985m-words	@mp1985m	266.085	266.34	очень
@ms1985m-words	@mp1985m	266.34	266.595	хреново
@ms1985m-words	@mp1985m	266.595	266.85	живёт
@ms1985m-words	@mp1985m	266.85	267.105	на
@ms1985m-words	@mp1985m	267.105	267.36	территории
@ms1985m-words	@mp1985m	267.36	267.615	Путина
@ms1985m-words	@mp1985m	267.615	267.87	и
@ms1985m-words	@mp1985m	267.87	268.125	России
@ms1985m-words	@mp1985m	268.125	268.38	/
@ms1985m-words	@mp1985m	268.38	268.635	путинской
@ms1985m-words	@mp1985m	268.635	268.89	России
@ms1985m-words	@mp1985m	268.89	269.16	сейчас
@ms1985m-words	@mp1985m	269.37	269.596	и
@ms1985m-words	@mp1985m	269.596	269.822	не
@ms1985m-words	@mp1985m	269.822	270.048	нужно
@ms1985m-words	@mp1985m	270.048	270.274	его
@ms1985m-words	@mp1985m	270.274	270.5	загонять
@ms1985m-words	@mp1985m	270.5	270.726	/
@ms1985m-words	@mp1985m	270.726	270.952	зу
@ms1985m-words	@mp1985m	270.952	271.178	зу
@ms1985m-words	@mp1985m	271.178	271.404	зу
@ms1985m-words	@mp1985m	271.404	271.63	зу
@ms1985m-words	@mp1985m	271.63	271.86	зу
@ms1985m-words	@mp1985m	271.86	272.184	не
@ms1985m-words	@mp1985m	272.184	272.508	нужно
@ms1985m-words	@mp1985m	272.508	272.832	загонять
@ms1985m-words	@mp1985m	272.832	273.156	его
@ms1985m-words	@mp1985m	273.156	273.48	в
@ms1985m-words	@mp1985m	273.48	273.804	эти
@ms1985m-words	@mp1985m	273.804	274.128	кандалы
@ms1985m-words	@mp1985m	274.128	274.452	путинской
@ms1985m-words	@mp1985m	274.452	274.78	России
@ms1985m-words	@mp1985m	274.78	275.17	вы
@ms1985m-words	@mp1985m	275.17	275.56	сначала
@ms1985m-words	@mp1985m	278.39	278.637	#одновременно#
@ms1985m-words	@mp1985m	278.637	278.884	нет
@ms1985m-words	@mp1985m	278.884	279.131	зачем
@ms1985m-words	@mp1985m	279.131	279.378	/
@ms1985m-words	@mp1985m	279.378	279.625	зачем
@ms1985m-words	@mp1985m	279.625	279.872	белых
@ms1985m-words	@mp1985m	279.872	280.12	люд...
@ms1985m-words	@mp1985m	309.5	309.768	#одновременно#
@ms1985m-words	@mp1985m	309.768	310.036	сосет
@ms1985m-words	@mp1985m	310.036	310.304	хуй
@ms1985m-words	@mp1985m	310.304	310.572	в
@ms1985m-words	@mp1985m	310.572	310.84	России
@ms1985m-words	@mp1985m	310.84	311.108	/
@ms1985m-words	@mp1985m	311.108	311.376	вот
@ms1985m-words	@mp1985m	311.376	311.644	русский
@ms1985m-words	@mp1985m	311.644	311.912	народ
@ms1985m-words	@mp1985m	311.912	312.18	в
@ms1985m-words	@mp1985m	312.18	312.448	России
@ms1985m-words	@mp1985m	312.448	312.716	сосёт
@ms1985m-words	@mp1985m	312.716	312.984	хуй
@ms1985m-words	@mp1985m	312.984	313.252	/
@ms1985m-words	@mp1985m	313.252	313.52	и
@ms1985m-words	@mp1985m	313.52	313.788	целует
@ms1985m-words	@mp1985m	313.788	314.056	путинский
@ms1985m-words	@mp1985m	314.056	314.34	сапог
@ms1985m-words	@mp1985m	314.35	314.602	и
@ms1985m-words	@mp1985m	314.602	314.854	ты
@ms1985m-words	@mp1985m	314.854	315.106	сейчас
@ms1985m-words	@mp1985m	315.106	315.358	/
@ms1985m-words	@mp1985m	315.358	315.61	этот
@ms1985m-words	@mp1985m	315.61	315.862	русский
@ms1985m-words	@mp1985m	315.862	316.114	народ
@ms1985m-words	@mp1985m	316.114	316.366	из
@ms1985m-words	@mp1985m	316.366	316.618	Украины
@ms1985m-words	@mp1985m	316.618	316.87	/
@ms1985m-words	@mp1985m	316.87	317.122	хочешь
@ms1985m-words	@mp1985m	317.122	317.374	вернуть
@ms1985m-words	@mp1985m	317.374	317.626	в
@ms1985m-words	@mp1985m	317.626	317.878	Россию
@ms1985m-words	@mp1985m	317.878	318.13	чтоб
@ms1985m-words	@mp1985m	318.13	318.382	они
@ms1985m-words	@mp1985m	318.382	318.634	точно
@ms1985m-words	@mp1985m	318.634	318.886	так
@ms1985m-words	@mp1985m	318.886	319.138	же
@ms1985m-words	@mp1985m	319.138	319.39	сосали
@ms1985m-words	@mp1985m	319.39	319.642	путинский
@ms1985m-words	@mp1985m	319.642	319.894	хуй
@ms1985m-words	@mp1985m	319.894	320.146	/
@ms1985m-words	@mp1985m	320.146	320.398	и
@ms1985m-words	@mp1985m	320.398	320.65	целовали
@ms1985m-words	@mp1985m	320.65	320.902	его
@ms1985m-words	@mp1985m	320.902	321.16	сапог
@ms1985m-words	@mp1985m	328.75	329.75	деспотии
@ms1985m-words	@mp1985m	329.75	330.27	лучше
@ms1985m-words	@mp1985m	331.76	332.093	тем
@ms1985m-words	@mp1985m	332.093	332.426	что
@ms1985m-words	@mp1985m	332.426	332.76	слабее
@ms1985m-words	@mp1985m	350.27	350.507	ну
@ms1985m-words	@mp1985m	350.507	350.744	[нрзб]да
@ms1985m-words	@mp1985m	350.744	350.981	то
@ms1985m-words	@mp1985m	350.981	351.22	есть
